ZIP,YEAR,SEX,Group - 10 Year,POPULATION
92081,2016,Female,10 to 19,1666
92003,2016,Female,10 to 19,195
92093,2016,Female,10 to 19,3145
92020,2016,Female,10 to 19,3455
92025,2016,Female,10 to 19,3737
92108,2016,Female,10 to 19,697
92069,2016,Female,10 to 19,3400
92024,2016,Female,10 to 19,2777
91916,2016,Female,10 to 19,94
91980,2016,Female,10 to 19,11
92131,2016,Female,10 to 19,2416
91906,2016,Female,10 to 19,201
92129,2016,Female,10 to 19,3339
92036,2016,Female,10 to 19,199
92127,2016,Female,10 to 19,3472
92070,2016,Female,10 to 19,27
92121,2016,Female,10 to 19,194
91962,2016,Female,10 to 19,56
92083,2016,Female,10 to 19,2702
91935,2016,Female,10 to 19,523
92123,2016,Female,10 to 19,1585
91913,2016,Female,10 to 19,3754
92009,2016,Female,10 to 19,3054
92122,2016,Female,10 to 19,1589
92101,2016,Female,10 to 19,1131
92173,2016,Female,10 to 19,2395
92103,2016,Female,10 to 19,870
92117,2016,Female,10 to 19,2268
92029,2016,Female,10 to 19,1065
92086,2016,Female,10 to 19,45
92109,2016,Female,10 to 19,1495
92104,2016,Female,10 to 19,2037
92019,2016,Female,10 to 19,2581
91948,2016,Female,10 to 19,28
92111,2016,Female,10 to 19,2443
92057,2016,Female,10 to 19,3585
92128,2016,Female,10 to 19,2577
92071,2016,Female,10 to 19,2986
92091,2016,Female,10 to 19,117
92040,2016,Female,10 to 19,2435
92134,2016,Female,10 to 19,6
92115,2016,Female,10 to 19,3469
92065,2016,Female,10 to 19,2299
92056,2016,Female,10 to 19,2917
92075,2016,Female,10 to 19,589
91941,2016,Female,10 to 19,1601
92028,2016,Female,10 to 19,2608
92026,2016,Female,10 to 19,3376
91934,2016,Female,10 to 19,67
92140,2016,Female,10 to 19,15
92118,2016,Female,10 to 19,846
92084,2016,Female,10 to 19,3512
92064,2016,Female,10 to 19,2992
92672,2016,Female,10 to 19,314
92105,2016,Female,10 to 19,4912
92058,2016,Female,10 to 19,1372
92107,2016,Female,10 to 19,966
92114,2016,Female,10 to 19,4144
92259,2016,Female,10 to 19,0
92113,2016,Female,10 to 19,4046
91910,2016,Female,10 to 19,5184
92096,2016,Female,10 to 19,692
91978,2016,Female,10 to 19,427
91977,2016,Female,10 to 19,4012
92067,2016,Female,10 to 19,593
92059,2016,Female,10 to 19,85
92182,2016,Female,10 to 19,1100
92061,2016,Female,10 to 19,134
92055,2016,Female,10 to 19,1668
91932,2016,Female,10 to 19,1794
92011,2016,Female,10 to 19,1388
91950,2016,Female,10 to 19,4168
92120,2016,Female,10 to 19,1247
91914,2016,Female,10 to 19,1480
92136,2016,Female,10 to 19,206
92116,2016,Female,10 to 19,1282
92135,2016,Female,10 to 19,128
91901,2016,Female,10 to 19,962
92106,2016,Female,10 to 19,1499
92154,2016,Female,10 to 19,5700
92155,2016,Female,10 to 19,3
92007,2016,Female,10 to 19,467
92066,2016,Female,10 to 19,18
92161,2016,Female,10 to 19,0
92010,2016,Female,10 to 19,860
92014,2016,Female,10 to 19,570
91931,2016,Female,10 to 19,17
92054,2016,Female,10 to 19,2175
92139,2016,Female,10 to 19,2318
92004,2016,Female,10 to 19,258
92130,2016,Female,10 to 19,4153
92008,2016,Female,10 to 19,1323
92078,2016,Female,10 to 19,2966
92060,2016,Female,10 to 19,34
92124,2016,Female,10 to 19,2068
92110,2016,Female,10 to 19,1912
92126,2016,Female,10 to 19,3940
92119,2016,Female,10 to 19,1104
92082,2016,Female,10 to 19,944
91917,2016,Female,10 to 19,52
92102,2016,Female,10 to 19,2826
91942,2016,Female,10 to 19,1669
91902,2016,Female,10 to 19,966
92021,2016,Female,10 to 19,3827
91945,2016,Female,10 to 19,1656
92037,2016,Female,10 to 19,1930
91911,2016,Female,10 to 19,6189
91963,2016,Female,10 to 19,52
91905,2016,Female,10 to 19,117
92145,2016,Female,10 to 19,11
92536,2016,Female,10 to 19,11
91915,2016,Female,10 to 19,2460
92027,2016,Female,10 to 19,3888
92020,2016,Female,20 to 29,4476
92069,2016,Female,20 to 29,4025
92109,2016,Female,20 to 29,4973
92024,2016,Female,20 to 29,3508
92009,2016,Female,20 to 29,2565
92021,2016,Female,20 to 29,5115
92105,2016,Female,20 to 29,5726
92107,2016,Female,20 to 29,2054
91962,2016,Female,20 to 29,94
92036,2016,Female,20 to 29,262
92066,2016,Female,20 to 29,23
92061,2016,Female,20 to 29,195
91932,2016,Female,20 to 29,2280
92155,2016,Female,20 to 29,27
92173,2016,Female,20 to 29,2469
92101,2016,Female,20 to 29,4196
92075,2016,Female,20 to 29,749
92120,2016,Female,20 to 29,2054
92126,2016,Female,20 to 29,5417
92131,2016,Female,20 to 29,2102
91935,2016,Female,20 to 29,583
92070,2016,Female,20 to 29,54
91914,2016,Female,20 to 29,1244
91945,2016,Female,20 to 29,1864
92128,2016,Female,20 to 29,3316
91948,2016,Female,20 to 29,21
91978,2016,Female,20 to 29,588
92118,2016,Female,20 to 29,1375
91950,2016,Female,20 to 29,4451
91913,2016,Female,20 to 29,4108
91963,2016,Female,20 to 29,81
92122,2016,Female,20 to 29,5653
92058,2016,Female,20 to 29,1972
92055,2016,Female,20 to 29,2955
92116,2016,Female,20 to 29,2336
91931,2016,Female,20 to 29,27
91906,2016,Female,20 to 29,276
91942,2016,Female,20 to 29,3542
92082,2016,Female,20 to 29,1274
92065,2016,Female,20 to 29,2740
92027,2016,Female,20 to 29,4064
92123,2016,Female,20 to 29,2789
92056,2016,Female,20 to 29,4266
92067,2016,Female,20 to 29,610
92536,2016,Female,20 to 29,32
92086,2016,Female,20 to 29,107
92060,2016,Female,20 to 29,77
92154,2016,Female,20 to 29,6087
91980,2016,Female,20 to 29,11
91901,2016,Female,20 to 29,1201
92672,2016,Female,20 to 29,470
92114,2016,Female,20 to 29,4733
91911,2016,Female,20 to 29,6563
92106,2016,Female,20 to 29,2160
92117,2016,Female,20 to 29,3776
92102,2016,Female,20 to 29,3525
92091,2016,Female,20 to 29,78
92093,2016,Female,20 to 29,1618
92113,2016,Female,20 to 29,4085
92135,2016,Female,20 to 29,787
92129,2016,Female,20 to 29,3628
92019,2016,Female,20 to 29,3222
92008,2016,Female,20 to 29,2152
92182,2016,Female,20 to 29,183
92108,2016,Female,20 to 29,2602
91910,2016,Female,20 to 29,6041
92104,2016,Female,20 to 29,3628
92081,2016,Female,20 to 29,2374
92010,2016,Female,20 to 29,1109
92003,2016,Female,20 to 29,302
92103,2016,Female,20 to 29,2226
92083,2016,Female,20 to 29,2841
92071,2016,Female,20 to 29,4223
92119,2016,Female,20 to 29,1692
92064,2016,Female,20 to 29,3239
92134,2016,Female,20 to 29,26
92139,2016,Female,20 to 29,2636
92057,2016,Female,20 to 29,4507
92029,2016,Female,20 to 29,1306
92121,2016,Female,20 to 29,510
92028,2016,Female,20 to 29,3881
91915,2016,Female,20 to 29,2181
91902,2016,Female,20 to 29,1167
92059,2016,Female,20 to 29,105
92026,2016,Female,20 to 29,3959
92161,2016,Female,20 to 29,0
92014,2016,Female,20 to 29,771
91941,2016,Female,20 to 29,2537
92011,2016,Female,20 to 29,1533
92007,2016,Female,20 to 29,612
92040,2016,Female,20 to 29,3285
92037,2016,Female,20 to 29,3339
91934,2016,Female,20 to 29,82
92078,2016,Female,20 to 29,3516
92111,2016,Female,20 to 29,3621
92259,2016,Female,20 to 29,0
91977,2016,Female,20 to 29,4504
92130,2016,Female,20 to 29,3220
92115,2016,Female,20 to 29,6768
91916,2016,Female,20 to 29,148
91905,2016,Female,20 to 29,131
92084,2016,Female,20 to 29,3613
92004,2016,Female,20 to 29,480
92096,2016,Female,20 to 29,89
91917,2016,Female,20 to 29,58
92110,2016,Female,20 to 29,2609
92136,2016,Female,20 to 29,1327
92145,2016,Female,20 to 29,32
92054,2016,Female,20 to 29,3206
92025,2016,Female,20 to 29,3797
92140,2016,Female,20 to 29,52
92124,2016,Female,20 to 29,2290
92127,2016,Female,20 to 29,3334
92116,2016,Female,30 to 39,3834
92122,2016,Female,30 to 39,4349
92118,2016,Female,30 to 39,1103
92084,2016,Female,30 to 39,3111
91948,2016,Female,30 to 39,28
92109,2016,Female,30 to 39,6388
92064,2016,Female,30 to 39,2553
92123,2016,Female,30 to 39,2945
92021,2016,Female,30 to 39,4368
92101,2016,Female,30 to 39,5050
91941,2016,Female,30 to 39,2337
92117,2016,Female,30 to 39,3993
91963,2016,Female,30 to 39,63
91935,2016,Female,30 to 39,427
92154,2016,Female,30 to 39,4992
92120,2016,Female,30 to 39,1893
92003,2016,Female,30 to 39,262
92155,2016,Female,30 to 39,7
92107,2016,Female,30 to 39,3266
92069,2016,Female,30 to 39,3139
92126,2016,Female,30 to 39,5739
92140,2016,Female,30 to 39,5
92081,2016,Female,30 to 39,2118
92071,2016,Female,30 to 39,3810
92086,2016,Female,30 to 39,95
91906,2016,Female,30 to 39,189
92139,2016,Female,30 to 39,2420
91910,2016,Female,30 to 39,5430
92011,2016,Female,30 to 39,1288
92093,2016,Female,30 to 39,47
92029,2016,Female,30 to 39,1160
92061,2016,Female,30 to 39,130
92096,2016,Female,30 to 39,0
92026,2016,Female,30 to 39,3530
92010,2016,Female,30 to 39,1006
92105,2016,Female,30 to 39,5145
92119,2016,Female,30 to 39,1437
91905,2016,Female,30 to 39,107
91978,2016,Female,30 to 39,551
92019,2016,Female,30 to 39,2633
92060,2016,Female,30 to 39,54
92027,2016,Female,30 to 39,3530
92014,2016,Female,30 to 39,780
92008,2016,Female,30 to 39,2198
92111,2016,Female,30 to 39,3661
91932,2016,Female,30 to 39,2085
92536,2016,Female,30 to 39,22
92066,2016,Female,30 to 39,20
91916,2016,Female,30 to 39,102
92182,2016,Female,30 to 39,4
91917,2016,Female,30 to 39,39
92134,2016,Female,30 to 39,6
91980,2016,Female,30 to 39,18
92058,2016,Female,30 to 39,1641
92059,2016,Female,30 to 39,87
91977,2016,Female,30 to 39,4046
92108,2016,Female,30 to 39,3033
92067,2016,Female,30 to 39,419
91942,2016,Female,30 to 39,3218
92055,2016,Female,30 to 39,2033
91934,2016,Female,30 to 39,57
92065,2016,Female,30 to 39,2005
92110,2016,Female,30 to 39,2481
92054,2016,Female,30 to 39,3120
92127,2016,Female,30 to 39,3259
92037,2016,Female,30 to 39,3154
91914,2016,Female,30 to 39,955
92009,2016,Female,30 to 39,2421
92106,2016,Female,30 to 39,1496
91915,2016,Female,30 to 39,2097
92091,2016,Female,30 to 39,85
92115,2016,Female,30 to 39,4457
92057,2016,Female,30 to 39,3603
92028,2016,Female,30 to 39,2723
92056,2016,Female,30 to 39,3480
92259,2016,Female,30 to 39,0
92078,2016,Female,30 to 39,3042
92128,2016,Female,30 to 39,3419
92131,2016,Female,30 to 39,2063
92173,2016,Female,30 to 39,1888
92083,2016,Female,30 to 39,2667
92020,2016,Female,30 to 39,4136
91950,2016,Female,30 to 39,3599
92114,2016,Female,30 to 39,3776
92070,2016,Female,30 to 39,41
91931,2016,Female,30 to 39,23
92136,2016,Female,30 to 39,168
92113,2016,Female,30 to 39,3334
92075,2016,Female,30 to 39,899
91911,2016,Female,30 to 39,5544
92082,2016,Female,30 to 39,964
92036,2016,Female,30 to 39,222
91945,2016,Female,30 to 39,1848
92130,2016,Female,30 to 39,3220
91901,2016,Female,30 to 39,860
92007,2016,Female,30 to 39,884
92145,2016,Female,30 to 39,3
92104,2016,Female,30 to 39,5390
91962,2016,Female,30 to 39,81
92103,2016,Female,30 to 39,4026
92024,2016,Female,30 to 39,3515
91902,2016,Female,30 to 39,1078
92121,2016,Female,30 to 39,368
92102,2016,Female,30 to 39,3678
92124,2016,Female,30 to 39,2668
92004,2016,Female,30 to 39,250
92025,2016,Female,30 to 39,3441
92135,2016,Female,30 to 39,119
92129,2016,Female,30 to 39,3105
92040,2016,Female,30 to 39,2698
92161,2016,Female,30 to 39,0
91913,2016,Female,30 to 39,3692
92672,2016,Female,30 to 39,441
92007,2016,Female,40 to 49,826
92131,2016,Female,40 to 49,3002
91948,2016,Female,40 to 49,21
91932,2016,Female,40 to 49,1682
92086,2016,Female,40 to 49,75
92057,2016,Female,40 to 49,3589
92672,2016,Female,40 to 49,171
92010,2016,Female,40 to 49,1124
92020,2016,Female,40 to 49,3636
92075,2016,Female,40 to 49,907
92135,2016,Female,40 to 49,34
92116,2016,Female,40 to 49,2724
91962,2016,Female,40 to 49,112
92121,2016,Female,40 to 49,303
92064,2016,Female,40 to 49,3112
92139,2016,Female,40 to 49,2135
92058,2016,Female,40 to 49,1477
91910,2016,Female,40 to 49,5367
91914,2016,Female,40 to 49,1477
92071,2016,Female,40 to 49,3814
92127,2016,Female,40 to 49,4012
92014,2016,Female,40 to 49,817
92120,2016,Female,40 to 49,1727
91911,2016,Female,40 to 49,5593
92083,2016,Female,40 to 49,2279
92108,2016,Female,40 to 49,1381
92003,2016,Female,40 to 49,284
91942,2016,Female,40 to 49,2470
92140,2016,Female,40 to 49,0
92106,2016,Female,40 to 49,1248
91901,2016,Female,40 to 49,1074
92182,2016,Female,40 to 49,5
92082,2016,Female,40 to 49,1052
92028,2016,Female,40 to 49,2650
92128,2016,Female,40 to 49,3690
92536,2016,Female,40 to 49,37
91980,2016,Female,40 to 49,6
92124,2016,Female,40 to 49,2052
92036,2016,Female,40 to 49,228
91934,2016,Female,40 to 49,56
91963,2016,Female,40 to 49,48
91977,2016,Female,40 to 49,3866
92109,2016,Female,40 to 49,2772
91906,2016,Female,40 to 49,200
92096,2016,Female,40 to 49,0
91931,2016,Female,40 to 49,24
92059,2016,Female,40 to 49,115
92056,2016,Female,40 to 49,3082
92113,2016,Female,40 to 49,3329
92025,2016,Female,40 to 49,3244
91905,2016,Female,40 to 49,110
92110,2016,Female,40 to 49,1640
92123,2016,Female,40 to 49,1995
92024,2016,Female,40 to 49,3842
92154,2016,Female,40 to 49,4924
92026,2016,Female,40 to 49,3448
92155,2016,Female,40 to 49,4
91945,2016,Female,40 to 49,1637
92061,2016,Female,40 to 49,162
92054,2016,Female,40 to 49,2458
92093,2016,Female,40 to 49,10
92081,2016,Female,40 to 49,1804
92134,2016,Female,40 to 49,1
92004,2016,Female,40 to 49,203
92115,2016,Female,40 to 49,3601
92101,2016,Female,40 to 49,2655
92060,2016,Female,40 to 49,52
92122,2016,Female,40 to 49,2519
91978,2016,Female,40 to 49,495
92102,2016,Female,40 to 49,2896
91935,2016,Female,40 to 49,590
92145,2016,Female,40 to 49,0
92130,2016,Female,40 to 49,5109
92103,2016,Female,40 to 49,2400
92117,2016,Female,40 to 49,3229
92021,2016,Female,40 to 49,4071
92111,2016,Female,40 to 49,3065
92008,2016,Female,40 to 49,1720
92055,2016,Female,40 to 49,804
92104,2016,Female,40 to 49,3647
92091,2016,Female,40 to 49,151
92114,2016,Female,40 to 49,3764
92067,2016,Female,40 to 49,583
91902,2016,Female,40 to 49,1083
92107,2016,Female,40 to 49,1934
92011,2016,Female,40 to 49,1769
92161,2016,Female,40 to 49,0
92019,2016,Female,40 to 49,2733
92029,2016,Female,40 to 49,1096
91941,2016,Female,40 to 49,2116
91950,2016,Female,40 to 49,3520
92066,2016,Female,40 to 49,16
92126,2016,Female,40 to 49,4933
92259,2016,Female,40 to 49,0
92118,2016,Female,40 to 49,1119
91917,2016,Female,40 to 49,35
92040,2016,Female,40 to 49,2580
91916,2016,Female,40 to 49,116
91913,2016,Female,40 to 49,3763
92027,2016,Female,40 to 49,3450
92078,2016,Female,40 to 49,3324
92173,2016,Female,40 to 49,1912
92070,2016,Female,40 to 49,41
92129,2016,Female,40 to 49,3975
92069,2016,Female,40 to 49,3382
92105,2016,Female,40 to 49,4749
92136,2016,Female,40 to 49,17
91915,2016,Female,40 to 49,2486
92009,2016,Female,40 to 49,3453
92037,2016,Female,40 to 49,2553
92084,2016,Female,40 to 49,2889
92119,2016,Female,40 to 49,1513
92065,2016,Female,40 to 49,2202
91910,2016,Female,50 to 59,5466
92117,2016,Female,50 to 59,3615
92003,2016,Female,50 to 59,327
92081,2016,Female,50 to 59,2047
92127,2016,Female,50 to 59,3415
92069,2016,Female,50 to 59,3020
92102,2016,Female,50 to 59,2224
92145,2016,Female,50 to 59,1
92139,2016,Female,50 to 59,2287
92007,2016,Female,50 to 59,810
92173,2016,Female,50 to 59,1923
91950,2016,Female,50 to 59,3653
92067,2016,Female,50 to 59,938
91941,2016,Female,50 to 59,2431
92082,2016,Female,50 to 59,1442
92259,2016,Female,50 to 59,0
92103,2016,Female,50 to 59,1775
92060,2016,Female,50 to 59,47
92071,2016,Female,50 to 59,4576
92123,2016,Female,50 to 59,1626
92070,2016,Female,50 to 59,58
92121,2016,Female,50 to 59,294
92672,2016,Female,50 to 59,60
92161,2016,Female,50 to 59,0
92057,2016,Female,50 to 59,3827
92106,2016,Female,50 to 59,1293
92129,2016,Female,50 to 59,4720
92014,2016,Female,50 to 59,1154
92059,2016,Female,50 to 59,119
92004,2016,Female,50 to 59,296
91913,2016,Female,50 to 59,3008
92024,2016,Female,50 to 59,4187
92065,2016,Female,50 to 59,3069
92028,2016,Female,50 to 59,3186
92130,2016,Female,50 to 59,5032
92086,2016,Female,50 to 59,89
92055,2016,Female,50 to 59,272
92078,2016,Female,50 to 59,2740
91915,2016,Female,50 to 59,1796
92019,2016,Female,50 to 59,3574
92008,2016,Female,50 to 59,1977
91934,2016,Female,50 to 59,72
92058,2016,Female,50 to 59,1480
92066,2016,Female,50 to 59,34
92107,2016,Female,50 to 59,1787
91945,2016,Female,50 to 59,1887
91962,2016,Female,50 to 59,150
92109,2016,Female,50 to 59,2176
92075,2016,Female,50 to 59,909
92134,2016,Female,50 to 59,0
92128,2016,Female,50 to 59,3571
92084,2016,Female,50 to 59,3207
92110,2016,Female,50 to 59,1492
92093,2016,Female,50 to 59,24
92135,2016,Female,50 to 59,13
92054,2016,Female,50 to 59,2534
92111,2016,Female,50 to 59,2997
92056,2016,Female,50 to 59,3677
92036,2016,Female,50 to 59,317
92114,2016,Female,50 to 59,4200
91932,2016,Female,50 to 59,1715
92118,2016,Female,50 to 59,1291
92104,2016,Female,50 to 59,2700
92536,2016,Female,50 to 59,27
92119,2016,Female,50 to 59,1705
92064,2016,Female,50 to 59,4477
92120,2016,Female,50 to 59,2026
92020,2016,Female,50 to 59,4220
92009,2016,Female,50 to 59,3649
92136,2016,Female,50 to 59,4
92083,2016,Female,50 to 59,2253
91902,2016,Female,50 to 59,1260
92091,2016,Female,50 to 59,168
92026,2016,Female,50 to 59,3678
91931,2016,Female,50 to 59,35
92011,2016,Female,50 to 59,2053
92010,2016,Female,50 to 59,1255
92027,2016,Female,50 to 59,3644
92140,2016,Female,50 to 59,0
91963,2016,Female,50 to 59,75
92154,2016,Female,50 to 59,4803
91948,2016,Female,50 to 59,57
92116,2016,Female,50 to 59,2085
91935,2016,Female,50 to 59,803
92037,2016,Female,50 to 59,2628
91980,2016,Female,50 to 59,15
92131,2016,Female,50 to 59,3222
91942,2016,Female,50 to 59,2639
91977,2016,Female,50 to 59,4248
91917,2016,Female,50 to 59,80
92113,2016,Female,50 to 59,2697
92101,2016,Female,50 to 59,1965
92108,2016,Female,50 to 59,1087
92040,2016,Female,50 to 59,3358
92105,2016,Female,50 to 59,3851
92061,2016,Female,50 to 59,186
91911,2016,Female,50 to 59,5521
92096,2016,Female,50 to 59,0
92126,2016,Female,50 to 59,4782
91901,2016,Female,50 to 59,1541
91906,2016,Female,50 to 59,240
92122,2016,Female,50 to 59,2211
92182,2016,Female,50 to 59,4
92115,2016,Female,50 to 59,3131
92155,2016,Female,50 to 59,0
91978,2016,Female,50 to 59,647
92025,2016,Female,50 to 59,3149
92021,2016,Female,50 to 59,4867
91914,2016,Female,50 to 59,1245
91916,2016,Female,50 to 59,185
91905,2016,Female,50 to 59,127
92124,2016,Female,50 to 59,1704
92029,2016,Female,50 to 59,1495
92008,2016,Female,60 to 69,1705
92081,2016,Female,60 to 69,1543
92134,2016,Female,60 to 69,0
92059,2016,Female,60 to 69,90
92154,2016,Female,60 to 69,3638
92108,2016,Female,60 to 69,853
92058,2016,Female,60 to 69,1156
92140,2016,Female,60 to 69,0
91935,2016,Female,60 to 69,679
92145,2016,Female,60 to 69,2
92139,2016,Female,60 to 69,1863
92025,2016,Female,60 to 69,2267
92113,2016,Female,60 to 69,1577
92024,2016,Female,60 to 69,3835
92069,2016,Female,60 to 69,2229
92107,2016,Female,60 to 69,1481
92091,2016,Female,60 to 69,122
92672,2016,Female,60 to 69,35
92037,2016,Female,60 to 69,2528
92102,2016,Female,60 to 69,1585
92128,2016,Female,60 to 69,3090
92155,2016,Female,60 to 69,1
92003,2016,Female,60 to 69,271
92096,2016,Female,60 to 69,0
91913,2016,Female,60 to 69,1753
92009,2016,Female,60 to 69,2684
92101,2016,Female,60 to 69,1787
91901,2016,Female,60 to 69,1293
92110,2016,Female,60 to 69,1334
91977,2016,Female,60 to 69,3265
92061,2016,Female,60 to 69,151
92123,2016,Female,60 to 69,1298
91948,2016,Female,60 to 69,44
92021,2016,Female,60 to 69,3771
91950,2016,Female,60 to 69,2645
92067,2016,Female,60 to 69,808
92019,2016,Female,60 to 69,2933
92055,2016,Female,60 to 69,173
92120,2016,Female,60 to 69,1724
92130,2016,Female,60 to 69,2583
92004,2016,Female,60 to 69,403
92129,2016,Female,60 to 69,3346
92065,2016,Female,60 to 69,2388
92135,2016,Female,60 to 69,5
92054,2016,Female,60 to 69,2082
92127,2016,Female,60 to 69,2069
91941,2016,Female,60 to 69,2181
92070,2016,Female,60 to 69,80
92066,2016,Female,60 to 69,36
92093,2016,Female,60 to 69,12
92106,2016,Female,60 to 69,1273
91917,2016,Female,60 to 69,60
91916,2016,Female,60 to 69,170
92161,2016,Female,60 to 69,0
92259,2016,Female,60 to 69,0
92121,2016,Female,60 to 69,182
91906,2016,Female,60 to 69,251
91914,2016,Female,60 to 69,812
91931,2016,Female,60 to 69,39
92114,2016,Female,60 to 69,3458
92057,2016,Female,60 to 69,2779
92103,2016,Female,60 to 69,1843
91980,2016,Female,60 to 69,8
91911,2016,Female,60 to 69,3831
92086,2016,Female,60 to 69,99
92173,2016,Female,60 to 69,1167
92109,2016,Female,60 to 69,1791
92122,2016,Female,60 to 69,1992
92020,2016,Female,60 to 69,3229
92082,2016,Female,60 to 69,1256
92071,2016,Female,60 to 69,3364
92014,2016,Female,60 to 69,1202
92111,2016,Female,60 to 69,2516
91942,2016,Female,60 to 69,2020
92115,2016,Female,60 to 69,2557
92040,2016,Female,60 to 69,2583
92078,2016,Female,60 to 69,2273
91945,2016,Female,60 to 69,1455
92083,2016,Female,60 to 69,1545
92026,2016,Female,60 to 69,3014
91932,2016,Female,60 to 69,1255
92116,2016,Female,60 to 69,1829
91915,2016,Female,60 to 69,999
91902,2016,Female,60 to 69,1241
91962,2016,Female,60 to 69,145
92028,2016,Female,60 to 69,3155
92105,2016,Female,60 to 69,2653
92007,2016,Female,60 to 69,735
92124,2016,Female,60 to 69,1604
92536,2016,Female,60 to 69,27
92117,2016,Female,60 to 69,2872
92010,2016,Female,60 to 69,968
92131,2016,Female,60 to 69,2319
92119,2016,Female,60 to 69,1513
92036,2016,Female,60 to 69,405
92118,2016,Female,60 to 69,1237
92084,2016,Female,60 to 69,2374
92064,2016,Female,60 to 69,3377
92011,2016,Female,60 to 69,1501
92182,2016,Female,60 to 69,1
92126,2016,Female,60 to 69,3840
91934,2016,Female,60 to 69,68
92029,2016,Female,60 to 69,1456
91910,2016,Female,60 to 69,4200
92060,2016,Female,60 to 69,71
91905,2016,Female,60 to 69,125
92056,2016,Female,60 to 69,3104
91978,2016,Female,60 to 69,535
92136,2016,Female,60 to 69,0
92104,2016,Female,60 to 69,2174
92075,2016,Female,60 to 69,846
92027,2016,Female,60 to 69,2646
91963,2016,Female,60 to 69,58
92083,2016,Female,70 to 79,788
91935,2016,Female,70 to 79,359
92021,2016,Female,70 to 79,2083
92003,2016,Female,70 to 79,213
92009,2016,Female,70 to 79,1257
92025,2016,Female,70 to 79,1276
92037,2016,Female,70 to 79,1909
92102,2016,Female,70 to 79,827
92101,2016,Female,70 to 79,1013
92054,2016,Female,70 to 79,1050
92106,2016,Female,70 to 79,726
92154,2016,Female,70 to 79,2125
92010,2016,Female,70 to 79,466
92096,2016,Female,70 to 79,0
91962,2016,Female,70 to 79,82
91905,2016,Female,70 to 79,77
92007,2016,Female,70 to 79,334
92122,2016,Female,70 to 79,1275
92059,2016,Female,70 to 79,39
92111,2016,Female,70 to 79,1550
92082,2016,Female,70 to 79,691
92055,2016,Female,70 to 79,213
92019,2016,Female,70 to 79,1528
91980,2016,Female,70 to 79,6
92182,2016,Female,70 to 79,0
92115,2016,Female,70 to 79,1221
92128,2016,Female,70 to 79,2040
92114,2016,Female,70 to 79,1954
92104,2016,Female,70 to 79,976
92124,2016,Female,70 to 79,864
92069,2016,Female,70 to 79,1214
92066,2016,Female,70 to 79,18
92029,2016,Female,70 to 79,828
92093,2016,Female,70 to 79,12
92123,2016,Female,70 to 79,694
92028,2016,Female,70 to 79,2008
92011,2016,Female,70 to 79,950
92107,2016,Female,70 to 79,720
92014,2016,Female,70 to 79,769
92058,2016,Female,70 to 79,705
91977,2016,Female,70 to 79,1793
91913,2016,Female,70 to 79,957
91932,2016,Female,70 to 79,652
92064,2016,Female,70 to 79,1746
92004,2016,Female,70 to 79,294
92126,2016,Female,70 to 79,1976
92110,2016,Female,70 to 79,863
92139,2016,Female,70 to 79,1033
92086,2016,Female,70 to 79,82
92081,2016,Female,70 to 79,872
92071,2016,Female,70 to 79,1863
92056,2016,Female,70 to 79,1965
92145,2016,Female,70 to 79,3
91978,2016,Female,70 to 79,271
92135,2016,Female,70 to 79,0
92020,2016,Female,70 to 79,1892
92065,2016,Female,70 to 79,1148
91942,2016,Female,70 to 79,1112
92121,2016,Female,70 to 79,87
91931,2016,Female,70 to 79,13
92061,2016,Female,70 to 79,86
92131,2016,Female,70 to 79,828
92161,2016,Female,70 to 79,0
91914,2016,Female,70 to 79,428
92103,2016,Female,70 to 79,1107
91915,2016,Female,70 to 79,426
91934,2016,Female,70 to 79,51
92075,2016,Female,70 to 79,592
92119,2016,Female,70 to 79,1111
92091,2016,Female,70 to 79,80
91963,2016,Female,70 to 79,35
92108,2016,Female,70 to 79,459
91945,2016,Female,70 to 79,773
92036,2016,Female,70 to 79,258
92067,2016,Female,70 to 79,467
92113,2016,Female,70 to 79,903
92026,2016,Female,70 to 79,1760
92118,2016,Female,70 to 79,801
92130,2016,Female,70 to 79,1075
92070,2016,Female,70 to 79,57
92105,2016,Female,70 to 79,1363
92127,2016,Female,70 to 79,916
92136,2016,Female,70 to 79,0
92117,2016,Female,70 to 79,1799
92116,2016,Female,70 to 79,763
91901,2016,Female,70 to 79,677
92057,2016,Female,70 to 79,1748
92109,2016,Female,70 to 79,1089
92024,2016,Female,70 to 79,1723
92078,2016,Female,70 to 79,1566
92134,2016,Female,70 to 79,0
92259,2016,Female,70 to 79,0
91910,2016,Female,70 to 79,2430
92060,2016,Female,70 to 79,38
91916,2016,Female,70 to 79,78
92120,2016,Female,70 to 79,1215
91902,2016,Female,70 to 79,662
91941,2016,Female,70 to 79,1252
91906,2016,Female,70 to 79,129
92155,2016,Female,70 to 79,0
92536,2016,Female,70 to 79,26
92040,2016,Female,70 to 79,1401
92672,2016,Female,70 to 79,46
92140,2016,Female,70 to 79,0
92084,2016,Female,70 to 79,1387
92008,2016,Female,70 to 79,890
92129,2016,Female,70 to 79,1363
91917,2016,Female,70 to 79,36
91948,2016,Female,70 to 79,21
92173,2016,Female,70 to 79,703
92027,2016,Female,70 to 79,1444
91950,2016,Female,70 to 79,1607
91911,2016,Female,70 to 79,2548
92025,2016,Female,80+,1033
92010,2016,Female,80+,401
91980,2016,Female,80+,3
91941,2016,Female,80+,1054
92107,2016,Female,80+,522
92028,2016,Female,80+,1334
92154,2016,Female,80+,1398
91910,2016,Female,80+,1983
92128,2016,Female,80+,1922
92106,2016,Female,80+,624
91915,2016,Female,80+,219
92024,2016,Female,80+,1695
92102,2016,Female,80+,575
91916,2016,Female,80+,33
92083,2016,Female,80+,572
92108,2016,Female,80+,418
92182,2016,Female,80+,0
92082,2016,Female,80+,388
92009,2016,Female,80+,712
92114,2016,Female,80+,1262
92021,2016,Female,80+,1492
92096,2016,Female,80+,0
92070,2016,Female,80+,27
91931,2016,Female,80+,3
92014,2016,Female,80+,411
91905,2016,Female,80+,30
92173,2016,Female,80+,509
92093,2016,Female,80+,13
92118,2016,Female,80+,648
92113,2016,Female,80+,636
92056,2016,Female,80+,1978
92026,2016,Female,80+,1488
92117,2016,Female,80+,1579
92027,2016,Female,80+,1029
92019,2016,Female,80+,956
92130,2016,Female,80+,535
92069,2016,Female,80+,809
92136,2016,Female,80+,0
92131,2016,Female,80+,355
92036,2016,Female,80+,135
92003,2016,Female,80+,145
92161,2016,Female,80+,0
91901,2016,Female,80+,379
92055,2016,Female,80+,135
92120,2016,Female,80+,1070
92110,2016,Female,80+,774
92011,2016,Female,80+,672
92058,2016,Female,80+,489
91932,2016,Female,80+,432
92071,2016,Female,80+,1182
92145,2016,Female,80+,6
92029,2016,Female,80+,506
92123,2016,Female,80+,768
92119,2016,Female,80+,975
92066,2016,Female,80+,12
92067,2016,Female,80+,256
92104,2016,Female,80+,608
92020,2016,Female,80+,1546
92139,2016,Female,80+,715
92672,2016,Female,80+,24
91942,2016,Female,80+,1317
92081,2016,Female,80+,756
92127,2016,Female,80+,815
92086,2016,Female,80+,35
92135,2016,Female,80+,0
91962,2016,Female,80+,30
91934,2016,Female,80+,14
91978,2016,Female,80+,177
92116,2016,Female,80+,459
92078,2016,Female,80+,1485
91917,2016,Female,80+,27
92111,2016,Female,80+,1260
92091,2016,Female,80+,51
92065,2016,Female,80+,629
92536,2016,Female,80+,9
92140,2016,Female,80+,0
92059,2016,Female,80+,19
92054,2016,Female,80+,766
91948,2016,Female,80+,9
91945,2016,Female,80+,660
92129,2016,Female,80+,693
92008,2016,Female,80+,884
92126,2016,Female,80+,1082
92109,2016,Female,80+,994
91977,2016,Female,80+,1296
92155,2016,Female,80+,0
91935,2016,Female,80+,157
92004,2016,Female,80+,214
92121,2016,Female,80+,36
91950,2016,Female,80+,1484
92122,2016,Female,80+,1186
92105,2016,Female,80+,907
92064,2016,Female,80+,1258
92040,2016,Female,80+,813
92057,2016,Female,80+,1364
92134,2016,Female,80+,2
92060,2016,Female,80+,21
91902,2016,Female,80+,455
92101,2016,Female,80+,826
92061,2016,Female,80+,36
92259,2016,Female,80+,0
91914,2016,Female,80+,175
91911,2016,Female,80+,1904
92037,2016,Female,80+,1777
92103,2016,Female,80+,968
92075,2016,Female,80+,327
92124,2016,Female,80+,391
92115,2016,Female,80+,1013
92007,2016,Female,80+,220
91906,2016,Female,80+,49
91913,2016,Female,80+,562
91963,2016,Female,80+,19
92084,2016,Female,80+,1169
91978,2016,Female,Under 10,499
92003,2016,Female,Under 10,241
91932,2016,Female,Under 10,1927
91931,2016,Female,Under 10,25
92004,2016,Female,Under 10,240
92025,2016,Female,Under 10,3898
92096,2016,Female,Under 10,0
92057,2016,Female,Under 10,3812
91941,2016,Female,Under 10,1922
92109,2016,Female,Under 10,3128
92124,2016,Female,Under 10,2280
92081,2016,Female,Under 10,1940
92061,2016,Female,Under 10,129
92116,2016,Female,Under 10,2034
92075,2016,Female,Under 10,633
92056,2016,Female,Under 10,3300
92115,2016,Female,Under 10,4115
92173,2016,Female,Under 10,2113
92127,2016,Female,Under 10,3181
92161,2016,Female,Under 10,0
91916,2016,Female,Under 10,106
92037,2016,Female,Under 10,2103
92139,2016,Female,Under 10,2137
92155,2016,Female,Under 10,2
92040,2016,Female,Under 10,2612
92026,2016,Female,Under 10,3733
92021,2016,Female,Under 10,4118
91906,2016,Female,Under 10,195
92182,2016,Female,Under 10,0
92135,2016,Female,Under 10,9
92065,2016,Female,Under 10,2190
91963,2016,Female,Under 10,61
92154,2016,Female,Under 10,5467
92028,2016,Female,Under 10,2901
92120,2016,Female,Under 10,1488
92091,2016,Female,Under 10,113
92011,2016,Female,Under 10,1078
91935,2016,Female,Under 10,442
92123,2016,Female,Under 10,2183
92020,2016,Female,Under 10,3820
91902,2016,Female,Under 10,950
92122,2016,Female,Under 10,2769
92008,2016,Female,Under 10,1527
91910,2016,Female,Under 10,5442
91934,2016,Female,Under 10,64
92536,2016,Female,Under 10,23
92060,2016,Female,Under 10,44
92083,2016,Female,Under 10,2794
92114,2016,Female,Under 10,3929
92131,2016,Female,Under 10,2011
91945,2016,Female,Under 10,1731
92059,2016,Female,Under 10,99
92117,2016,Female,Under 10,2759
92119,2016,Female,Under 10,1103
91901,2016,Female,Under 10,886
92078,2016,Female,Under 10,3084
92126,2016,Female,Under 10,4710
92067,2016,Female,Under 10,471
91911,2016,Female,Under 10,6015
92134,2016,Female,Under 10,0
92140,2016,Female,Under 10,0
92069,2016,Female,Under 10,3662
92110,2016,Female,Under 10,1703
92036,2016,Female,Under 10,225
91905,2016,Female,Under 10,104
92130,2016,Female,Under 10,3061
92093,2016,Female,Under 10,8
92105,2016,Female,Under 10,5212
92129,2016,Female,Under 10,2878
92118,2016,Female,Under 10,881
92024,2016,Female,Under 10,2759
91980,2016,Female,Under 10,7
92102,2016,Female,Under 10,3078
92007,2016,Female,Under 10,596
92128,2016,Female,Under 10,2582
92055,2016,Female,Under 10,2256
92113,2016,Female,Under 10,3843
92145,2016,Female,Under 10,0
91977,2016,Female,Under 10,4106
92014,2016,Female,Under 10,561
91917,2016,Female,Under 10,46
92010,2016,Female,Under 10,900
92084,2016,Female,Under 10,3717
92027,2016,Female,Under 10,3864
92136,2016,Female,Under 10,0
92672,2016,Female,Under 10,452
91913,2016,Female,Under 10,3659
92086,2016,Female,Under 10,55
92054,2016,Female,Under 10,2744
92071,2016,Female,Under 10,3317
91962,2016,Female,Under 10,77
92019,2016,Female,Under 10,2465
91942,2016,Female,Under 10,2167
92107,2016,Female,Under 10,1620
91914,2016,Female,Under 10,1185
92111,2016,Female,Under 10,2678
92070,2016,Female,Under 10,39
92108,2016,Female,Under 10,1607
92106,2016,Female,Under 10,1108
92066,2016,Female,Under 10,13
92104,2016,Female,Under 10,2943
92103,2016,Female,Under 10,1721
92121,2016,Female,Under 10,334
92082,2016,Female,Under 10,1022
92058,2016,Female,Under 10,1744
92259,2016,Female,Under 10,0
91915,2016,Female,Under 10,2297
92064,2016,Female,Under 10,2759
92029,2016,Female,Under 10,1078
91948,2016,Female,Under 10,24
92101,2016,Female,Under 10,2179
91950,2016,Female,Under 10,4237
92009,2016,Female,Under 10,2207
91916,2016,Male,10 to 19,115
91934,2016,Male,10 to 19,66
91962,2016,Male,10 to 19,79
92009,2016,Male,10 to 19,2922
92155,2016,Male,10 to 19,60
91902,2016,Male,10 to 19,984
92070,2016,Male,10 to 19,37
92065,2016,Male,10 to 19,2346
92069,2016,Male,10 to 19,3621
92058,2016,Male,10 to 19,1607
91945,2016,Male,10 to 19,1658
92021,2016,Male,10 to 19,4134
92127,2016,Male,10 to 19,3698
91906,2016,Male,10 to 19,325
92114,2016,Male,10 to 19,4442
92122,2016,Male,10 to 19,1519
92136,2016,Male,10 to 19,785
92071,2016,Male,10 to 19,3166
92007,2016,Male,10 to 19,495
92104,2016,Male,10 to 19,2139
92135,2016,Male,10 to 19,287
92140,2016,Male,10 to 19,1846
92129,2016,Male,10 to 19,3578
92011,2016,Male,10 to 19,1580
92027,2016,Male,10 to 19,4012
92010,2016,Male,10 to 19,908
92105,2016,Male,10 to 19,5346
92131,2016,Male,10 to 19,2534
92028,2016,Male,10 to 19,2930
91931,2016,Male,10 to 19,23
92154,2016,Male,10 to 19,6120
92081,2016,Male,10 to 19,1830
92110,2016,Male,10 to 19,1690
91917,2016,Male,10 to 19,49
92024,2016,Male,10 to 19,2959
92259,2016,Male,10 to 19,0
92064,2016,Male,10 to 19,3192
91911,2016,Male,10 to 19,6293
92059,2016,Male,10 to 19,112
92014,2016,Male,10 to 19,645
91901,2016,Male,10 to 19,1191
92093,2016,Male,10 to 19,2620
91950,2016,Male,10 to 19,4201
92182,2016,Male,10 to 19,766
92121,2016,Male,10 to 19,219
92091,2016,Male,10 to 19,118
92066,2016,Male,10 to 19,14
91932,2016,Male,10 to 19,1844
92145,2016,Male,10 to 19,32
92139,2016,Male,10 to 19,2405
92067,2016,Male,10 to 19,609
92107,2016,Male,10 to 19,1028
91910,2016,Male,10 to 19,5375
92118,2016,Male,10 to 19,982
92084,2016,Male,10 to 19,3415
92134,2016,Male,10 to 19,25
92173,2016,Male,10 to 19,2377
92054,2016,Male,10 to 19,2240
92086,2016,Male,10 to 19,50
91915,2016,Male,10 to 19,2438
91942,2016,Male,10 to 19,1774
92672,2016,Male,10 to 19,282
92116,2016,Male,10 to 19,1442
91948,2016,Male,10 to 19,25
92096,2016,Male,10 to 19,333
92078,2016,Male,10 to 19,3016
92057,2016,Male,10 to 19,3754
92115,2016,Male,10 to 19,3524
92124,2016,Male,10 to 19,2090
92536,2016,Male,10 to 19,16
91978,2016,Male,10 to 19,437
92102,2016,Male,10 to 19,2876
92037,2016,Male,10 to 19,1872
91941,2016,Male,10 to 19,1639
92161,2016,Male,10 to 19,0
92019,2016,Male,10 to 19,2685
92004,2016,Male,10 to 19,274
92123,2016,Male,10 to 19,1775
92020,2016,Male,10 to 19,3575
92128,2016,Male,10 to 19,2616
92026,2016,Male,10 to 19,3480
92036,2016,Male,10 to 19,198
92003,2016,Male,10 to 19,225
92113,2016,Male,10 to 19,4366
92109,2016,Male,10 to 19,1496
92130,2016,Male,10 to 19,4301
92040,2016,Male,10 to 19,2626
92055,2016,Male,10 to 19,4405
91913,2016,Male,10 to 19,3591
92083,2016,Male,10 to 19,2862
92082,2016,Male,10 to 19,1088
92025,2016,Male,10 to 19,3980
91980,2016,Male,10 to 19,10
92108,2016,Male,10 to 19,733
91905,2016,Male,10 to 19,170
92101,2016,Male,10 to 19,1306
91977,2016,Male,10 to 19,4262
92075,2016,Male,10 to 19,598
92029,2016,Male,10 to 19,1136
92106,2016,Male,10 to 19,1418
92120,2016,Male,10 to 19,1285
91914,2016,Male,10 to 19,1533
92103,2016,Male,10 to 19,956
92060,2016,Male,10 to 19,30
92126,2016,Male,10 to 19,4572
92117,2016,Male,10 to 19,2462
92008,2016,Male,10 to 19,1626
92056,2016,Male,10 to 19,3045
91963,2016,Male,10 to 19,61
91935,2016,Male,10 to 19,565
92111,2016,Male,10 to 19,2667
92061,2016,Male,10 to 19,170
92119,2016,Male,10 to 19,1134
92078,2016,Male,20 to 29,3581
92101,2016,Male,20 to 29,5248
92040,2016,Male,20 to 29,3498
92069,2016,Male,20 to 29,4222
92008,2016,Male,20 to 29,2445
92121,2016,Male,20 to 29,620
92103,2016,Male,20 to 29,2353
92037,2016,Male,20 to 29,3437
92106,2016,Male,20 to 29,2850
92003,2016,Male,20 to 29,312
92259,2016,Male,20 to 29,0
92025,2016,Male,20 to 29,4202
92010,2016,Male,20 to 29,1169
92059,2016,Male,20 to 29,116
92055,2016,Male,20 to 29,14117
92126,2016,Male,20 to 29,8513
91945,2016,Male,20 to 29,2044
92120,2016,Male,20 to 29,2038
92113,2016,Male,20 to 29,4562
91932,2016,Male,20 to 29,2510
92024,2016,Male,20 to 29,3869
91906,2016,Male,20 to 29,305
92086,2016,Male,20 to 29,92
92105,2016,Male,20 to 29,6112
91901,2016,Male,20 to 29,1304
92027,2016,Male,20 to 29,4352
92058,2016,Male,20 to 29,2076
92036,2016,Male,20 to 29,322
91916,2016,Male,20 to 29,149
92114,2016,Male,20 to 29,5041
92083,2016,Male,20 to 29,3332
92071,2016,Male,20 to 29,4333
92096,2016,Male,20 to 29,63
91977,2016,Male,20 to 29,4839
92075,2016,Male,20 to 29,839
92129,2016,Male,20 to 29,3916
92130,2016,Male,20 to 29,3592
92139,2016,Male,20 to 29,2806
91978,2016,Male,20 to 29,651
92084,2016,Male,20 to 29,4184
91917,2016,Male,20 to 29,64
91948,2016,Male,20 to 29,37
92091,2016,Male,20 to 29,94
92019,2016,Male,20 to 29,3336
92056,2016,Male,20 to 29,4576
91942,2016,Male,20 to 29,3630
92110,2016,Male,20 to 29,2758
91915,2016,Male,20 to 29,2173
92119,2016,Male,20 to 29,1866
92021,2016,Male,20 to 29,5403
92060,2016,Male,20 to 29,66
92029,2016,Male,20 to 29,1357
92064,2016,Male,20 to 29,3611
92536,2016,Male,20 to 29,38
92104,2016,Male,20 to 29,3672
92070,2016,Male,20 to 29,62
92131,2016,Male,20 to 29,2246
91902,2016,Male,20 to 29,1201
91913,2016,Male,20 to 29,4163
92173,2016,Male,20 to 29,2587
92145,2016,Male,20 to 29,154
92007,2016,Male,20 to 29,701
92140,2016,Male,20 to 29,1989
92161,2016,Male,20 to 29,0
92014,2016,Male,20 to 29,852
92065,2016,Male,20 to 29,2850
92124,2016,Male,20 to 29,2380
91962,2016,Male,20 to 29,108
92134,2016,Male,20 to 29,123
92154,2016,Male,20 to 29,8532
91934,2016,Male,20 to 29,83
91914,2016,Male,20 to 29,1288
92020,2016,Male,20 to 29,4765
92061,2016,Male,20 to 29,216
92107,2016,Male,20 to 29,2124
92136,2016,Male,20 to 29,7996
92102,2016,Male,20 to 29,3720
92182,2016,Male,20 to 29,157
91963,2016,Male,20 to 29,79
92135,2016,Male,20 to 29,3804
92155,2016,Male,20 to 29,362
92082,2016,Male,20 to 29,1291
91911,2016,Male,20 to 29,7004
92057,2016,Male,20 to 29,4739
92111,2016,Male,20 to 29,3864
92067,2016,Male,20 to 29,625
91910,2016,Male,20 to 29,6549
91980,2016,Male,20 to 29,8
92081,2016,Male,20 to 29,2879
92118,2016,Male,20 to 29,1723
91950,2016,Male,20 to 29,4827
92115,2016,Male,20 to 29,7401
92011,2016,Male,20 to 29,1505
92128,2016,Male,20 to 29,3457
91931,2016,Male,20 to 29,13
92117,2016,Male,20 to 29,4122
92054,2016,Male,20 to 29,3484
92108,2016,Male,20 to 29,2571
92028,2016,Male,20 to 29,4073
91905,2016,Male,20 to 29,182
92122,2016,Male,20 to 29,5883
92127,2016,Male,20 to 29,3479
92026,2016,Male,20 to 29,4261
91935,2016,Male,20 to 29,639
92066,2016,Male,20 to 29,23
92116,2016,Male,20 to 29,2425
92093,2016,Male,20 to 29,1723
91941,2016,Male,20 to 29,2648
92672,2016,Male,20 to 29,584
92123,2016,Male,20 to 29,2827
92004,2016,Male,20 to 29,482
92109,2016,Male,20 to 29,4991
92009,2016,Male,20 to 29,2767
92105,2016,Male,30 to 39,5174
92009,2016,Male,30 to 39,2289
92136,2016,Male,30 to 39,1505
92059,2016,Male,30 to 39,106
92054,2016,Male,30 to 39,3334
92008,2016,Male,30 to 39,2478
92134,2016,Male,30 to 39,22
92014,2016,Male,30 to 39,766
92111,2016,Male,30 to 39,3856
92056,2016,Male,30 to 39,3530
92065,2016,Male,30 to 39,2041
91932,2016,Male,30 to 39,2138
92113,2016,Male,30 to 39,3736
92061,2016,Male,30 to 39,155
91931,2016,Male,30 to 39,18
92108,2016,Male,30 to 39,3091
92086,2016,Male,30 to 39,79
91978,2016,Male,30 to 39,464
92182,2016,Male,30 to 39,2
92115,2016,Male,30 to 39,5017
92130,2016,Male,30 to 39,3016
92064,2016,Male,30 to 39,2591
92102,2016,Male,30 to 39,3820
92067,2016,Male,30 to 39,348
92155,2016,Male,30 to 39,61
91934,2016,Male,30 to 39,59
92122,2016,Male,30 to 39,5179
92028,2016,Male,30 to 39,2894
92070,2016,Male,30 to 39,55
92078,2016,Male,30 to 39,3117
91915,2016,Male,30 to 39,2174
92121,2016,Male,30 to 39,519
92084,2016,Male,30 to 39,3480
92011,2016,Male,30 to 39,1176
91911,2016,Male,30 to 39,5508
92007,2016,Male,30 to 39,879
92106,2016,Male,30 to 39,1741
91905,2016,Male,30 to 39,140
92069,2016,Male,30 to 39,3330
92173,2016,Male,30 to 39,1810
92036,2016,Male,30 to 39,205
92120,2016,Male,30 to 39,1955
92071,2016,Male,30 to 39,3662
92093,2016,Male,30 to 39,75
92139,2016,Male,30 to 39,2462
92154,2016,Male,30 to 39,6971
92003,2016,Male,30 to 39,278
91963,2016,Male,30 to 39,60
92027,2016,Male,30 to 39,3629
92129,2016,Male,30 to 39,3108
92020,2016,Male,30 to 39,4244
92010,2016,Male,30 to 39,963
92123,2016,Male,30 to 39,2959
92672,2016,Male,30 to 39,480
91962,2016,Male,30 to 39,76
92536,2016,Male,30 to 39,23
92019,2016,Male,30 to 39,2732
92004,2016,Male,30 to 39,245
91942,2016,Male,30 to 39,3289
91914,2016,Male,30 to 39,913
91948,2016,Male,30 to 39,31
92109,2016,Male,30 to 39,7997
92040,2016,Male,30 to 39,2730
92116,2016,Male,30 to 39,3498
91945,2016,Male,30 to 39,1863
92024,2016,Male,30 to 39,3575
92082,2016,Male,30 to 39,990
92060,2016,Male,30 to 39,52
91935,2016,Male,30 to 39,403
92117,2016,Male,30 to 39,4391
92127,2016,Male,30 to 39,3249
92140,2016,Male,30 to 39,38
92161,2016,Male,30 to 39,0
91910,2016,Male,30 to 39,5605
91916,2016,Male,30 to 39,113
92124,2016,Male,30 to 39,2826
92025,2016,Male,30 to 39,3722
92259,2016,Male,30 to 39,0
92114,2016,Male,30 to 39,3842
92103,2016,Male,30 to 39,3937
92145,2016,Male,30 to 39,16
92128,2016,Male,30 to 39,3238
92075,2016,Male,30 to 39,824
92107,2016,Male,30 to 39,3556
91980,2016,Male,30 to 39,12
91913,2016,Male,30 to 39,3615
92110,2016,Male,30 to 39,2728
92026,2016,Male,30 to 39,3543
91950,2016,Male,30 to 39,3691
91906,2016,Male,30 to 39,233
92066,2016,Male,30 to 39,24
92131,2016,Male,30 to 39,1978
91902,2016,Male,30 to 39,1084
92096,2016,Male,30 to 39,10
92126,2016,Male,30 to 39,6666
92101,2016,Male,30 to 39,6782
91977,2016,Male,30 to 39,3950
92091,2016,Male,30 to 39,75
92055,2016,Male,30 to 39,2125
92135,2016,Male,30 to 39,802
92037,2016,Male,30 to 39,3432
92081,2016,Male,30 to 39,2424
92029,2016,Male,30 to 39,1223
92057,2016,Male,30 to 39,3750
92104,2016,Male,30 to 39,5309
92119,2016,Male,30 to 39,1408
91917,2016,Male,30 to 39,63
92021,2016,Male,30 to 39,4282
92083,2016,Male,30 to 39,2815
92118,2016,Male,30 to 39,1100
92058,2016,Male,30 to 39,1804
91901,2016,Male,30 to 39,949
91941,2016,Male,30 to 39,2224
92003,2016,Male,40 to 49,227
91935,2016,Male,40 to 49,474
92118,2016,Male,40 to 49,984
92027,2016,Male,40 to 49,3457
91932,2016,Male,40 to 49,1601
92025,2016,Male,40 to 49,3151
92059,2016,Male,40 to 49,96
91978,2016,Male,40 to 49,446
92011,2016,Male,40 to 49,1608
92105,2016,Male,40 to 49,4646
92113,2016,Male,40 to 49,3387
92155,2016,Male,40 to 49,23
91902,2016,Male,40 to 49,1004
92128,2016,Male,40 to 49,3345
92111,2016,Male,40 to 49,3158
91941,2016,Male,40 to 49,2019
92084,2016,Male,40 to 49,2881
92131,2016,Male,40 to 49,2752
91914,2016,Male,40 to 49,1305
92259,2016,Male,40 to 49,0
92536,2016,Male,40 to 49,17
91917,2016,Male,40 to 49,51
92182,2016,Male,40 to 49,2
92121,2016,Male,40 to 49,343
92057,2016,Male,40 to 49,3459
92004,2016,Male,40 to 49,202
92029,2016,Male,40 to 49,1139
92026,2016,Male,40 to 49,3205
92139,2016,Male,40 to 49,2039
92040,2016,Male,40 to 49,2446
92054,2016,Male,40 to 49,2570
92020,2016,Male,40 to 49,3518
92008,2016,Male,40 to 49,1821
92115,2016,Male,40 to 49,3747
92119,2016,Male,40 to 49,1457
92069,2016,Male,40 to 49,3179
91934,2016,Male,40 to 49,46
92071,2016,Male,40 to 49,3575
91915,2016,Male,40 to 49,2323
92065,2016,Male,40 to 49,2145
92021,2016,Male,40 to 49,3973
92134,2016,Male,40 to 49,2
92116,2016,Male,40 to 49,3004
92096,2016,Male,40 to 49,6
91910,2016,Male,40 to 49,4938
92055,2016,Male,40 to 49,716
92019,2016,Male,40 to 49,2548
92102,2016,Male,40 to 49,3124
92028,2016,Male,40 to 49,2561
92081,2016,Male,40 to 49,1869
92058,2016,Male,40 to 49,1438
92161,2016,Male,40 to 49,0
92104,2016,Male,40 to 49,4159
91945,2016,Male,40 to 49,1592
92126,2016,Male,40 to 49,5088
91916,2016,Male,40 to 49,141
92117,2016,Male,40 to 49,3392
92140,2016,Male,40 to 49,17
91980,2016,Male,40 to 49,11
92106,2016,Male,40 to 49,1363
91901,2016,Male,40 to 49,1009
92091,2016,Male,40 to 49,107
92173,2016,Male,40 to 49,1614
92060,2016,Male,40 to 49,43
92064,2016,Male,40 to 49,2825
91962,2016,Male,40 to 49,94
92014,2016,Male,40 to 49,792
92037,2016,Male,40 to 49,2330
92083,2016,Male,40 to 49,2343
92066,2016,Male,40 to 49,12
92129,2016,Male,40 to 49,3734
92070,2016,Male,40 to 49,31
92109,2016,Male,40 to 49,3724
92007,2016,Male,40 to 49,829
91942,2016,Male,40 to 49,2431
91948,2016,Male,40 to 49,28
92154,2016,Male,40 to 49,6177
92108,2016,Male,40 to 49,1659
91931,2016,Male,40 to 49,27
92136,2016,Male,40 to 49,373
92078,2016,Male,40 to 49,3246
92114,2016,Male,40 to 49,3527
92036,2016,Male,40 to 49,225
92107,2016,Male,40 to 49,2356
92093,2016,Male,40 to 49,21
91963,2016,Male,40 to 49,55
92103,2016,Male,40 to 49,3086
91977,2016,Male,40 to 49,3734
92135,2016,Male,40 to 49,231
92145,2016,Male,40 to 49,8
92130,2016,Male,40 to 49,4482
92123,2016,Male,40 to 49,2032
92056,2016,Male,40 to 49,2992
92082,2016,Male,40 to 49,956
92101,2016,Male,40 to 49,4383
92009,2016,Male,40 to 49,3223
91906,2016,Male,40 to 49,219
92127,2016,Male,40 to 49,3659
91911,2016,Male,40 to 49,5078
92086,2016,Male,40 to 49,71
92672,2016,Male,40 to 49,154
92061,2016,Male,40 to 49,165
92124,2016,Male,40 to 49,1998
92110,2016,Male,40 to 49,1856
92122,2016,Male,40 to 49,2859
91905,2016,Male,40 to 49,124
92024,2016,Male,40 to 49,3828
92120,2016,Male,40 to 49,1709
92067,2016,Male,40 to 49,492
91950,2016,Male,40 to 49,3302
92010,2016,Male,40 to 49,1102
92075,2016,Male,40 to 49,858
91913,2016,Male,40 to 49,3423
91913,2016,Male,50 to 59,2775
92003,2016,Male,50 to 59,326
92028,2016,Male,50 to 59,3020
91934,2016,Male,50 to 59,87
91948,2016,Male,50 to 59,47
92113,2016,Male,50 to 59,2805
92020,2016,Male,50 to 59,3975
91932,2016,Male,50 to 59,1601
91931,2016,Male,50 to 59,31
92110,2016,Male,50 to 59,1695
92069,2016,Male,50 to 59,3090
92161,2016,Male,50 to 59,0
91915,2016,Male,50 to 59,1740
92029,2016,Male,50 to 59,1338
92121,2016,Male,50 to 59,294
92105,2016,Male,50 to 59,3903
92173,2016,Male,50 to 59,1620
92065,2016,Male,50 to 59,2935
91917,2016,Male,50 to 59,65
92182,2016,Male,50 to 59,0
92057,2016,Male,50 to 59,3574
92091,2016,Male,50 to 59,159
92014,2016,Male,50 to 59,1041
92124,2016,Male,50 to 59,1552
92117,2016,Male,50 to 59,3650
92259,2016,Male,50 to 59,0
92054,2016,Male,50 to 59,2614
92096,2016,Male,50 to 59,3
92129,2016,Male,50 to 59,4251
92084,2016,Male,50 to 59,3034
91950,2016,Male,50 to 59,3401
92672,2016,Male,50 to 59,56
92108,2016,Male,50 to 59,1243
92118,2016,Male,50 to 59,1178
92131,2016,Male,50 to 59,2987
92104,2016,Male,50 to 59,3301
92093,2016,Male,50 to 59,15
92123,2016,Male,50 to 59,1658
92026,2016,Male,50 to 59,3394
92116,2016,Male,50 to 59,2384
91914,2016,Male,50 to 59,1216
92061,2016,Male,50 to 59,193
91906,2016,Male,50 to 59,272
92127,2016,Male,50 to 59,3247
91962,2016,Male,50 to 59,124
92055,2016,Male,50 to 59,224
92009,2016,Male,50 to 59,3422
92066,2016,Male,50 to 59,15
92024,2016,Male,50 to 59,3866
92140,2016,Male,50 to 59,1
92081,2016,Male,50 to 59,1960
92135,2016,Male,50 to 59,48
92145,2016,Male,50 to 59,4
92036,2016,Male,50 to 59,305
92056,2016,Male,50 to 59,3495
92119,2016,Male,50 to 59,1620
91916,2016,Male,50 to 59,178
92064,2016,Male,50 to 59,4085
91978,2016,Male,50 to 59,534
92126,2016,Male,50 to 59,4617
92037,2016,Male,50 to 59,2539
92114,2016,Male,50 to 59,3965
92040,2016,Male,50 to 59,3138
92059,2016,Male,50 to 59,104
92086,2016,Male,50 to 59,76
92155,2016,Male,50 to 59,6
92004,2016,Male,50 to 59,280
92111,2016,Male,50 to 59,2880
91977,2016,Male,50 to 59,4005
92083,2016,Male,50 to 59,2195
92070,2016,Male,50 to 59,51
91935,2016,Male,50 to 59,759
92120,2016,Male,50 to 59,1913
92130,2016,Male,50 to 59,4804
92139,2016,Male,50 to 59,2075
92136,2016,Male,50 to 59,40
91911,2016,Male,50 to 59,5140
91905,2016,Male,50 to 59,152
92107,2016,Male,50 to 59,1991
91980,2016,Male,50 to 59,11
91902,2016,Male,50 to 59,1153
92019,2016,Male,50 to 59,3268
92115,2016,Male,50 to 59,3224
91942,2016,Male,50 to 59,2433
92102,2016,Male,50 to 59,2398
92101,2016,Male,50 to 59,3302
92536,2016,Male,50 to 59,31
92010,2016,Male,50 to 59,1153
92109,2016,Male,50 to 59,2633
92128,2016,Male,50 to 59,3308
92058,2016,Male,50 to 59,1407
92027,2016,Male,50 to 59,3481
91945,2016,Male,50 to 59,1824
92071,2016,Male,50 to 59,4158
92103,2016,Male,50 to 59,2646
92067,2016,Male,50 to 59,767
91901,2016,Male,50 to 59,1370
91910,2016,Male,50 to 59,5188
91941,2016,Male,50 to 59,2323
91963,2016,Male,50 to 59,86
92082,2016,Male,50 to 59,1337
92075,2016,Male,50 to 59,887
92154,2016,Male,50 to 59,5205
92021,2016,Male,50 to 59,4664
92007,2016,Male,50 to 59,766
92011,2016,Male,50 to 59,1828
92025,2016,Male,50 to 59,3212
92106,2016,Male,50 to 59,1275
92060,2016,Male,50 to 59,51
92134,2016,Male,50 to 59,1
92008,2016,Male,50 to 59,1933
92122,2016,Male,50 to 59,2193
92078,2016,Male,50 to 59,2590
92118,2016,Male,60 to 69,1012
91905,2016,Male,60 to 69,131
92010,2016,Male,60 to 69,887
92060,2016,Male,60 to 69,67
92009,2016,Male,60 to 69,2398
92003,2016,Male,60 to 69,259
92120,2016,Male,60 to 69,1508
91910,2016,Male,60 to 69,3694
92130,2016,Male,60 to 69,2628
92110,2016,Male,60 to 69,1402
92027,2016,Male,60 to 69,2404
92020,2016,Male,60 to 69,2857
91942,2016,Male,60 to 69,1769
92054,2016,Male,60 to 69,1911
92114,2016,Male,60 to 69,3122
92069,2016,Male,60 to 69,1948
91978,2016,Male,60 to 69,459
91945,2016,Male,60 to 69,1287
92059,2016,Male,60 to 69,65
92083,2016,Male,60 to 69,1450
92108,2016,Male,60 to 69,794
92066,2016,Male,60 to 69,36
92008,2016,Male,60 to 69,1559
92115,2016,Male,60 to 69,2120
92091,2016,Male,60 to 69,141
92026,2016,Male,60 to 69,2658
92081,2016,Male,60 to 69,1295
91931,2016,Male,60 to 69,43
91963,2016,Male,60 to 69,58
92154,2016,Male,60 to 69,3255
92140,2016,Male,60 to 69,1
92139,2016,Male,60 to 69,1603
92075,2016,Male,60 to 69,763
92127,2016,Male,60 to 69,1908
92136,2016,Male,60 to 69,2
91902,2016,Male,60 to 69,1012
92071,2016,Male,60 to 69,2994
91911,2016,Male,60 to 69,3353
92084,2016,Male,60 to 69,2216
91901,2016,Male,60 to 69,1178
92040,2016,Male,60 to 69,2496
91962,2016,Male,60 to 69,157
92135,2016,Male,60 to 69,17
91950,2016,Male,60 to 69,2312
92070,2016,Male,60 to 69,69
92093,2016,Male,60 to 69,10
92134,2016,Male,60 to 69,0
91913,2016,Male,60 to 69,1663
92096,2016,Male,60 to 69,0
91935,2016,Male,60 to 69,693
92161,2016,Male,60 to 69,0
92111,2016,Male,60 to 69,2099
92103,2016,Male,60 to 69,1879
92055,2016,Male,60 to 69,196
92065,2016,Male,60 to 69,2342
92182,2016,Male,60 to 69,0
92024,2016,Male,60 to 69,3623
92056,2016,Male,60 to 69,2736
92011,2016,Male,60 to 69,1356
92102,2016,Male,60 to 69,1455
92029,2016,Male,60 to 69,1308
92119,2016,Male,60 to 69,1390
92082,2016,Male,60 to 69,1095
92106,2016,Male,60 to 69,1249
92064,2016,Male,60 to 69,3280
92036,2016,Male,60 to 69,378
92078,2016,Male,60 to 69,1881
91915,2016,Male,60 to 69,879
92259,2016,Male,60 to 69,0
92061,2016,Male,60 to 69,139
91932,2016,Male,60 to 69,1143
92155,2016,Male,60 to 69,0
91906,2016,Male,60 to 69,241
92117,2016,Male,60 to 69,2572
92122,2016,Male,60 to 69,1682
92128,2016,Male,60 to 69,2538
92116,2016,Male,60 to 69,1679
92113,2016,Male,60 to 69,1533
92037,2016,Male,60 to 69,2233
92021,2016,Male,60 to 69,3378
91977,2016,Male,60 to 69,2811
92129,2016,Male,60 to 69,3055
91914,2016,Male,60 to 69,675
92105,2016,Male,60 to 69,2368
91917,2016,Male,60 to 69,83
91980,2016,Male,60 to 69,9
92145,2016,Male,60 to 69,1
92101,2016,Male,60 to 69,2118
91934,2016,Male,60 to 69,68
92109,2016,Male,60 to 69,1936
91916,2016,Male,60 to 69,187
91941,2016,Male,60 to 69,1924
92067,2016,Male,60 to 69,783
92007,2016,Male,60 to 69,673
92057,2016,Male,60 to 69,2415
92028,2016,Male,60 to 69,2794
92536,2016,Male,60 to 69,43
92019,2016,Male,60 to 69,2669
92173,2016,Male,60 to 69,969
92126,2016,Male,60 to 69,3482
92124,2016,Male,60 to 69,1284
92131,2016,Male,60 to 69,2007
92123,2016,Male,60 to 69,1119
92058,2016,Male,60 to 69,990
92004,2016,Male,60 to 69,336
92086,2016,Male,60 to 69,103
92672,2016,Male,60 to 69,29
91948,2016,Male,60 to 69,47
92104,2016,Male,60 to 69,2027
92025,2016,Male,60 to 69,2128
92107,2016,Male,60 to 69,1527
92121,2016,Male,60 to 69,172
92014,2016,Male,60 to 69,1049
91905,2016,Male,70 to 79,68
92067,2016,Male,70 to 79,457
92021,2016,Male,70 to 79,1661
92071,2016,Male,70 to 79,1402
91910,2016,Male,70 to 79,1802
92101,2016,Male,70 to 79,1135
92011,2016,Male,70 to 79,739
91948,2016,Male,70 to 79,23
92036,2016,Male,70 to 79,265
92182,2016,Male,70 to 79,0
92124,2016,Male,70 to 79,744
92121,2016,Male,70 to 79,79
92116,2016,Male,70 to 79,647
92139,2016,Male,70 to 79,780
92127,2016,Male,70 to 79,806
92029,2016,Male,70 to 79,736
92066,2016,Male,70 to 79,24
92118,2016,Male,70 to 79,649
91913,2016,Male,70 to 79,694
91950,2016,Male,70 to 79,1298
91901,2016,Male,70 to 79,619
92104,2016,Male,70 to 79,873
92128,2016,Male,70 to 79,1506
92161,2016,Male,70 to 79,0
91980,2016,Male,70 to 79,4
92059,2016,Male,70 to 79,37
92010,2016,Male,70 to 79,410
91915,2016,Male,70 to 79,294
91911,2016,Male,70 to 79,1837
92020,2016,Male,70 to 79,1468
91934,2016,Male,70 to 79,41
91942,2016,Male,70 to 79,762
92040,2016,Male,70 to 79,1131
92054,2016,Male,70 to 79,888
92086,2016,Male,70 to 79,76
92155,2016,Male,70 to 79,0
92009,2016,Male,70 to 79,1129
92113,2016,Male,70 to 79,723
91932,2016,Male,70 to 79,536
92061,2016,Male,70 to 79,71
92025,2016,Male,70 to 79,1036
92082,2016,Male,70 to 79,628
92004,2016,Male,70 to 79,287
92126,2016,Male,70 to 79,1627
92060,2016,Male,70 to 79,34
92064,2016,Male,70 to 79,1457
92115,2016,Male,70 to 79,1075
92070,2016,Male,70 to 79,56
92096,2016,Male,70 to 79,0
92106,2016,Male,70 to 79,667
92114,2016,Male,70 to 79,1531
92084,2016,Male,70 to 79,1146
92065,2016,Male,70 to 79,995
92672,2016,Male,70 to 79,7
92003,2016,Male,70 to 79,187
92123,2016,Male,70 to 79,536
92131,2016,Male,70 to 79,851
91962,2016,Male,70 to 79,64
92055,2016,Male,70 to 79,84
92103,2016,Male,70 to 79,988
92120,2016,Male,70 to 79,900
92109,2016,Male,70 to 79,1022
92037,2016,Male,70 to 79,1663
92019,2016,Male,70 to 79,1281
92134,2016,Male,70 to 79,0
92056,2016,Male,70 to 79,1473
92173,2016,Male,70 to 79,534
91931,2016,Male,70 to 79,22
92091,2016,Male,70 to 79,72
92105,2016,Male,70 to 79,1153
91963,2016,Male,70 to 79,32
91935,2016,Male,70 to 79,344
92119,2016,Male,70 to 79,781
92028,2016,Male,70 to 79,1792
92026,2016,Male,70 to 79,1390
92078,2016,Male,70 to 79,1202
92107,2016,Male,70 to 79,617
92027,2016,Male,70 to 79,1127
92122,2016,Male,70 to 79,972
92154,2016,Male,70 to 79,1620
92008,2016,Male,70 to 79,780
91914,2016,Male,70 to 79,314
92111,2016,Male,70 to 79,1098
92081,2016,Male,70 to 79,667
92117,2016,Male,70 to 79,1409
92102,2016,Male,70 to 79,658
92007,2016,Male,70 to 79,289
91902,2016,Male,70 to 79,619
92135,2016,Male,70 to 79,0
92014,2016,Male,70 to 79,791
92140,2016,Male,70 to 79,0
92129,2016,Male,70 to 79,1194
91916,2016,Male,70 to 79,79
91917,2016,Male,70 to 79,21
92536,2016,Male,70 to 79,23
92110,2016,Male,70 to 79,744
92136,2016,Male,70 to 79,0
92093,2016,Male,70 to 79,15
92057,2016,Male,70 to 79,1278
92024,2016,Male,70 to 79,1533
92075,2016,Male,70 to 79,496
92083,2016,Male,70 to 79,623
92259,2016,Male,70 to 79,0
92069,2016,Male,70 to 79,942
91977,2016,Male,70 to 79,1491
92145,2016,Male,70 to 79,3
92058,2016,Male,70 to 79,535
92130,2016,Male,70 to 79,936
91978,2016,Male,70 to 79,221
92108,2016,Male,70 to 79,390
91941,2016,Male,70 to 79,989
91945,2016,Male,70 to 79,591
91906,2016,Male,70 to 79,132
91913,2016,Male,80+,318
91914,2016,Male,80+,176
92008,2016,Male,80+,554
92145,2016,Male,80+,4
92106,2016,Male,80+,454
91916,2016,Male,80+,25
91962,2016,Male,80+,30
92010,2016,Male,80+,263
92025,2016,Male,80+,619
91980,2016,Male,80+,6
91915,2016,Male,80+,102
91910,2016,Male,80+,1181
92105,2016,Male,80+,611
92075,2016,Male,80+,266
92173,2016,Male,80+,306
92086,2016,Male,80+,34
92119,2016,Male,80+,633
92117,2016,Male,80+,1019
92110,2016,Male,80+,485
92070,2016,Male,80+,17
92101,2016,Male,80+,639
92126,2016,Male,80+,691
92054,2016,Male,80+,524
92114,2016,Male,80+,797
92037,2016,Male,80+,1201
91941,2016,Male,80+,643
92029,2016,Male,80+,350
92155,2016,Male,80+,0
92102,2016,Male,80+,412
92067,2016,Male,80+,225
92140,2016,Male,80+,0
92066,2016,Male,80+,7
92056,2016,Male,80+,1256
91906,2016,Male,80+,59
92011,2016,Male,80+,438
91902,2016,Male,80+,351
92093,2016,Male,80+,8
92104,2016,Male,80+,428
92128,2016,Male,80+,1190
91948,2016,Male,80+,7
92672,2016,Male,80+,7
92139,2016,Male,80+,405
92131,2016,Male,80+,303
92116,2016,Male,80+,253
92182,2016,Male,80+,0
92019,2016,Male,80+,703
92124,2016,Male,80+,321
92021,2016,Male,80+,871
92065,2016,Male,80+,486
91932,2016,Male,80+,325
92055,2016,Male,80+,38
92123,2016,Male,80+,442
92058,2016,Male,80+,354
91963,2016,Male,80+,16
92061,2016,Male,80+,30
91935,2016,Male,80+,141
92007,2016,Male,80+,151
91950,2016,Male,80+,853
92113,2016,Male,80+,390
92536,2016,Male,80+,9
91901,2016,Male,80+,283
92060,2016,Male,80+,20
92009,2016,Male,80+,522
92020,2016,Male,80+,936
92121,2016,Male,80+,33
91905,2016,Male,80+,28
92071,2016,Male,80+,716
92111,2016,Male,80+,738
91931,2016,Male,80+,4
92091,2016,Male,80+,30
92059,2016,Male,80+,21
92036,2016,Male,80+,93
92154,2016,Male,80+,928
92134,2016,Male,80+,1
92107,2016,Male,80+,327
92108,2016,Male,80+,252
91977,2016,Male,80+,761
92024,2016,Male,80+,963
92084,2016,Male,80+,772
92120,2016,Male,80+,744
91934,2016,Male,80+,17
92127,2016,Male,80+,430
91911,2016,Male,80+,1297
92259,2016,Male,80+,0
92069,2016,Male,80+,511
92082,2016,Male,80+,342
92064,2016,Male,80+,768
92026,2016,Male,80+,924
92078,2016,Male,80+,950
92096,2016,Male,80+,0
92103,2016,Male,80+,590
92028,2016,Male,80+,959
92115,2016,Male,80+,605
92014,2016,Male,80+,312
91917,2016,Male,80+,14
92040,2016,Male,80+,626
91942,2016,Male,80+,685
92135,2016,Male,80+,0
92003,2016,Male,80+,112
92161,2016,Male,80+,0
92136,2016,Male,80+,0
92027,2016,Male,80+,617
92109,2016,Male,80+,562
92118,2016,Male,80+,521
92122,2016,Male,80+,755
92129,2016,Male,80+,452
91945,2016,Male,80+,356
91978,2016,Male,80+,107
92081,2016,Male,80+,432
92057,2016,Male,80+,936
92130,2016,Male,80+,395
92004,2016,Male,80+,187
92083,2016,Male,80+,311
92093,2016,Male,Under 10,9
92027,2016,Male,Under 10,3948
91911,2016,Male,Under 10,5741
92060,2016,Male,Under 10,46
92054,2016,Male,Under 10,2815
91950,2016,Male,Under 10,4294
91962,2016,Male,Under 10,115
92102,2016,Male,Under 10,3315
92064,2016,Male,Under 10,2892
91916,2016,Male,Under 10,107
91917,2016,Male,Under 10,62
92111,2016,Male,Under 10,3175
92536,2016,Male,Under 10,27
92109,2016,Male,Under 10,3160
91931,2016,Male,Under 10,13
92103,2016,Male,Under 10,1806
92129,2016,Male,Under 10,3146
92037,2016,Male,Under 10,2294
91932,2016,Male,Under 10,1914
92131,2016,Male,Under 10,2228
92059,2016,Male,Under 10,116
92117,2016,Male,Under 10,3228
92025,2016,Male,Under 10,3963
92078,2016,Male,Under 10,2996
92122,2016,Male,Under 10,2736
92011,2016,Male,Under 10,1214
92182,2016,Male,Under 10,0
92004,2016,Male,Under 10,292
92108,2016,Male,Under 10,1585
92056,2016,Male,Under 10,3521
92009,2016,Male,Under 10,2288
91934,2016,Male,Under 10,62
92136,2016,Male,Under 10,0
92026,2016,Male,Under 10,3769
92101,2016,Male,Under 10,2060
91945,2016,Male,Under 10,1885
91978,2016,Male,Under 10,510
92067,2016,Male,Under 10,470
92083,2016,Male,Under 10,3291
91905,2016,Male,Under 10,108
92123,2016,Male,Under 10,2534
92071,2016,Male,Under 10,3434
92154,2016,Male,Under 10,5128
92019,2016,Male,Under 10,2872
92075,2016,Male,Under 10,595
92065,2016,Male,Under 10,2374
92116,2016,Male,Under 10,2104
91902,2016,Male,Under 10,1083
91942,2016,Male,Under 10,2359
92118,2016,Male,Under 10,927
92028,2016,Male,Under 10,3105
92155,2016,Male,Under 10,2
92010,2016,Male,Under 10,935
92066,2016,Male,Under 10,13
92259,2016,Male,Under 10,0
91906,2016,Male,Under 10,203
92124,2016,Male,Under 10,2345
92121,2016,Male,Under 10,340
92084,2016,Male,Under 10,3492
91963,2016,Male,Under 10,69
92055,2016,Male,Under 10,2290
91941,2016,Male,Under 10,2040
91913,2016,Male,Under 10,3423
92130,2016,Male,Under 10,3082
92135,2016,Male,Under 10,11
92672,2016,Male,Under 10,471
92161,2016,Male,Under 10,0
92057,2016,Male,Under 10,4163
92029,2016,Male,Under 10,1271
92114,2016,Male,Under 10,4198
92113,2016,Male,Under 10,3786
92024,2016,Male,Under 10,3089
92058,2016,Male,Under 10,1610
92134,2016,Male,Under 10,0
92003,2016,Male,Under 10,249
91935,2016,Male,Under 10,479
92104,2016,Male,Under 10,3193
91914,2016,Male,Under 10,1147
92173,2016,Male,Under 10,1834
92115,2016,Male,Under 10,4171
92069,2016,Male,Under 10,3798
91977,2016,Male,Under 10,4481
91915,2016,Male,Under 10,1996
92086,2016,Male,Under 10,87
91948,2016,Male,Under 10,25
92082,2016,Male,Under 10,1056
92021,2016,Male,Under 10,4697
92014,2016,Male,Under 10,599
92096,2016,Male,Under 10,0
92070,2016,Male,Under 10,38
92127,2016,Male,Under 10,3192
92040,2016,Male,Under 10,2867
92128,2016,Male,Under 10,2763
92140,2016,Male,Under 10,0
92126,2016,Male,Under 10,4837
92036,2016,Male,Under 10,236
92110,2016,Male,Under 10,1795
92020,2016,Male,Under 10,4248
92008,2016,Male,Under 10,1515
92145,2016,Male,Under 10,1
92139,2016,Male,Under 10,2498
92106,2016,Male,Under 10,1220
92007,2016,Male,Under 10,612
92119,2016,Male,Under 10,1316
91901,2016,Male,Under 10,953
92081,2016,Male,Under 10,2162
91910,2016,Male,Under 10,5307
92120,2016,Male,Under 10,1685
92105,2016,Male,Under 10,5328
92091,2016,Male,Under 10,98
92107,2016,Male,Under 10,1677
92061,2016,Male,Under 10,156
91980,2016,Male,Under 10,6
