regionname,regiontype,city,countyname,metro,statefullname,datatypedescription,2010-01,2010-02,2010-03,2010-04,2010-05,2010-06,2010-07,2010-08,2010-09,2010-10,2010-11,2010-12,2011-01,2011-02,2011-03,2011-04,2011-05,2011-06,2011-07,2011-08,2011-09,2011-10,2011-11,2011-12,2012-01,2012-02,2012-03,2012-04,2012-05,2012-06,2012-07,2012-08,2012-09,2012-10,2012-11,2012-12,2013-01,2013-02,2013-03,2013-04,2013-05,2013-06,2013-07,2013-08,2013-09,2013-10,2013-11,2013-12,2014-01,2014-02,2014-03,2014-04,2014-05,2014-06,2014-07,2014-08,2014-09,2014-10,2014-11,2014-12,2015-01,2015-02,2015-03,2015-04,2015-05,2015-06,2015-07,2015-08,2015-09,2015-10,2015-11,2015-12,2016-01,2016-02,2016-03,2016-04,2016-05,2016-06,2016-07,2016-08,2016-09,2016-10,2016-11,2016-12,2017-01,2017-02,2017-03,2017-04,2017-05,2017-06,2017-07,2017-08,2017-09,2017-10,2017-11,2017-12,2018-01,2018-02,2018-03,2018-04,2018-05,2018-06
77084,Zip,Houston,Harris,Houston,Texas,All Homes,611,617,636,633,606,592,594,597,590,575,573,573,573,578,575,567,555,551,540,508,481,459,433,414,404,396,390,386,378,358,331,311,306,313,313,304,295,289,290,289,283,270,265,271,272,262,248,237,231,219,208,210,218,223,221,219,214,206,200,193,189,190,180,167,172,170,163,166,170,172,176,184,187,182,178,179,180,187,197,203,209,217,222,224,226,228,221,210,200,201,209,208,202,202,209,214,206,190,179,176,174,172
90046,Zip,Los Angeles,Los Angeles,Los Angeles-Long Beach-Anaheim,California,All Homes,259,265,275,283,278,265,256,250,256,266,263,258,260,264,262,260,256,247,244,246,240,228,218,210,208,208,195,177,169,166,158,151,146,143,143,144,137,131,126,120,118,119,121,125,127,123,121,128,136,137,144,150,146,141,139,133,126,125,125,123,120,116,117,126,129,127,124,128,136,138,139,139,134,127,122,118,124,137,148,150,149,149,149,145,139,135,129,127,129,129,128,124,117,118,119,118,123,131,136,135,135,137
77036,Zip,Houston,Harris,Houston,Texas,All Homes,175,174,177,181,183,188,194,193,190,186,186,189,190,190,188,185,184,186,187,185,179,170,163,156,147,142,141,135,129,127,130,138,140,138,136,134,132,132,128,120,113,108,102,97,94,92,89,86,84,81,82,84,80,71,61,52,52,60,62,59,56,56,54,54,61,65,61,56,55,58,58,60,62,61,60,62,60,54,53,60,65,65,64,65,67,68,67,66,70,80,88,88,81,75,76,79,82,83,84,86,86,84
77077,Zip,Houston,Harris,Houston,Texas,All Homes,367,361,353,341,325,321,330,338,334,320,308,298,290,292,305,311,309,313,316,308,298,291,281,264,248,245,255,262,253,240,225,204,192,190,190,186,178,170,159,144,129,113,109,117,125,131,137,140,141,135,123,116,115,113,109,109,113,116,119,126,137,145,143,141,152,156,156,168,185,191,194,202,210,210,211,214,220,226,223,218,218,218,216,215,215,214,215,224,243,266,285,285,265,255,258,258,258,263,269,275,274,265
90044,Zip,Los Angeles,Los Angeles,Los Angeles-Long Beach-Anaheim,California,All Homes,150,148,142,136,136,137,135,134,137,138,138,137,138,147,154,151,145,140,140,142,142,143,150,154,153,150,147,141,135,135,134,124,111,106,100,91,82,74,72,75,75,74,75,79,79,73,66,64,66,67,67,66,68,69,65,63,62,60,60,64,66,64,62,63,65,62,61,61,65,68,66,59,54,52,51,52,51,50,51,53,53,53,53,54,54,51,48,47,47,45,41,38,37,37,39,40,40,42,44,43,41,39
90026,Zip,Los Angeles,Los Angeles,Los Angeles-Long Beach-Anaheim,California,All Homes,80,77,74,76,76,74,76,78,78,78,78,78,78,80,85,92,98,98,92,84,80,80,80,79,76,70,64,58,55,55,51,45,39,39,41,43,41,40,41,39,38,37,40,44,39,31,27,28,33,35,35,38,42,41,40,40,40,41,39,35,34,36,39,39,39,40,41,47,60,67,66,62,57,52,47,43,41,42,44,42,37,36,38,42,47,51,51,47,42,38,38,41,43,42,41,39,36,33,35,37,37,37
90066,Zip,Los Angeles,Los Angeles,Los Angeles-Long Beach-Anaheim,California,All Homes,99,102,108,108,104,104,104,100,100,105,105,103,104,106,110,113,122,137,143,136,127,125,127,128,126,117,102,90,85,78,75,75,70,65,67,68,64,63,63,61,55,47,43,48,55,55,52,49,49,54,59,59,56,58,65,67,65,61,56,52,49,48,49,51,48,43,40,42,47,50,49,49,50,49,50,54,57,55,53,51,47,46,47,49,51,52,49,47,48,48,45,42,41,42,43,46,47,41,37,41,48,53
90019,Zip,Los Angeles,Los Angeles,Los Angeles-Long Beach-Anaheim,California,All Homes,95,93,97,106,105,96,91,92,93,95,97,98,99,103,107,107,110,116,111,96,89,89,92,92,90,86,77,68,64,63,60,59,57,56,57,57,55,53,49,48,44,38,38,41,44,45,44,43,44,44,45,45,43,44,50,56,57,52,47,47,47,47,48,52,57,59,55,55,61,63,59,55,54,57,58,54,54,58,61,60,56,52,51,50,45,40,39,40,39,37,35,34,31,32,35,37,40,44,44,42,42,44
77095,Zip,Houston,Harris,Houston,Texas,All Homes,530,538,568,583,561,548,563,582,597,606,595,583,596,625,651,660,650,640,616,566,520,493,469,445,426,406,383,374,378,379,369,349,324,303,297,299,295,295,299,290,272,252,237,236,235,223,215,212,200,183,175,185,198,196,187,181,179,182,180,172,172,175,158,135,131,131,131,149,173,188,197,203,203,193,182,181,179,178,181,190,198,203,205,209,211,207,196,186,188,203,215,215,207,202,203,201,194,183,174,167,160,153
92109,Zip,San Diego,San Diego,San Diego,California,All Homes,247,264,295,307,320,353,367,358,350,348,347,347,353,358,351,335,325,327,337,344,340,331,322,315,311,295,265,247,239,224,207,194,187,181,172,168,169,169,171,175,169,154,146,146,144,145,150,154,153,152,157,167,181,191,189,186,184,177,167,158,150,137,121,115,113,109,112,119,123,126,131,130,124,124,129,131,127,121,121,118,113,111,107,106,110,115,117,110,98,87,74,67,71,78,85,92,96,96,97,98,97,95
92101,Zip,San Diego,San Diego,San Diego,California,All Homes,436,458,493,516,542,578,584,550,519,526,548,557,561,568,563,537,505,480,462,465,482,476,452,433,416,372,309,283,285,274,260,269,278,267,251,242,233,224,224,231,233,230,233,237,236,242,247,244,242,250,268,271,264,270,276,268,262,263,259,248,240,226,205,198,199,194,190,185,174,164,167,180,186,189,196,195,185,179,177,170,161,150,141,140,148,166,184,188,186,185,188,197,206,212,222,235,248,261,276,293,304,310
90004,Zip,Los Angeles,Los Angeles,Los Angeles-Long Beach-Anaheim,California,All Homes,78,80,81,85,87,85,82,78,75,77,79,80,80,80,81,82,87,93,91,81,78,82,86,87,88,86,81,74,70,68,68,70,68,61,54,48,45,44,45,45,39,33,30,34,39,40,39,36,33,32,34,37,41,48,55,54,50,49,49,50,54,53,53,52,49,45,43,47,53,54,52,50,49,50,51,51,53,55,57,60,58,54,55,58,57,55,53,52,50,44,38,33,32,36,38,41,45,47,44,42,44,47
91342,Zip,Los Angeles,Los Angeles,Los Angeles-Long Beach-Anaheim,California,All Homes,460,443,405,366,351,352,344,331,332,338,345,345,336,334,344,353,350,341,338,351,363,361,351,334,317,301,282,264,242,211,183,159,137,120,108,101,100,100,101,102,103,111,127,129,125,125,122,120,122,132,147,153,150,145,140,139,135,132,137,140,134,122,105,97,101,105,107,107,107,102,97,94,88,83,86,93,97,101,109,111,104,101,101,99,93,90,89,84,83,84,78,74,76,79,75,69,67,71,82,93,99,106
90011,Zip,Los Angeles,Los Angeles,Los Angeles-Long Beach-Anaheim,California,All Homes,75,72,73,73,72,72,77,80,77,71,69,72,77,80,77,75,75,75,72,71,71,73,72,67,63,64,62,56,50,48,46,45,45,47,47,46,42,36,31,28,29,30,30,30,31,29,28,26,23,20,20,23,25,25,23,21,20,19,20,23,25,26,28,31,29,29,29,29,27,25,23,22,22,23,25,25,23,21,21,21,21,22,23,23,22,24,27,27,26,26,24,22,21,21,19,18,17,17,15,15,17,20
90025,Zip,Los Angeles,Los Angeles,Los Angeles-Long Beach-Anaheim,California,All Homes,104,107,121,132,132,134,131,123,123,132,135,136,140,143,146,154,163,170,178,183,177,164,157,157,161,159,146,132,123,117,108,99,96,92,84,77,78,84,85,80,72,62,58,61,62,62,67,69,65,63,66,67,66,64,64,63,61,64,66,63,61,58,58,61,65,65,62,60,63,65,67,65,58,51,44,39,41,52,61,63,58,50,45,44,42,39,37,35,34,29,21,21,26,30,30,33,36,36,35,35,34,30
90027,Zip,Los Angeles,Los Angeles,Los Angeles-Long Beach-Anaheim,California,All Homes,92,94,92,90,85,79,78,83,88,93,100,102,97,92,90,92,99,106,105,99,100,104,105,103,97,90,83,77,70,64,65,71,77,73,64,60,61,63,66,65,61,55,48,42,36,33,35,39,45,51,54,54,55,59,60,56,51,47,43,40,40,40,45,52,54,54,55,56,57,58,57,52,48,44,40,41,46,53,57,58,58,61,66,68,66,66,64,60,53,48,48,48,43,38,38,41,42,40,39,38,36,35
77082,Zip,Houston,Harris,Houston,Texas,All Homes,352,358,382,402,400,391,390,393,397,402,403,395,383,377,378,379,373,363,350,326,305,297,292,290,290,286,281,280,279,274,260,249,242,230,218,210,201,195,195,196,194,187,180,180,179,168,158,155,151,140,123,109,102,101,107,114,120,124,120,115,119,127,125,115,110,105,104,115,124,131,137,144,152,151,141,130,126,129,133,132,129,131,136,139,138,137,141,144,147,158,165,156,142,135,133,131,129,125,121,122,125,130
91335,Zip,Los Angeles,Los Angeles,Los Angeles-Long Beach-Anaheim,California,All Homes,341,321,293,270,254,243,235,231,239,253,259,255,248,254,269,270,260,252,248,242,235,228,226,224,214,198,181,162,146,130,112,100,88,72,61,56,55,60,60,59,59,61,66,71,73,75,77,77,76,83,93,98,107,118,121,120,120,118,112,106,101,92,82,82,86,89,93,92,84,80,79,75,71,66,67,75,79,78,80,80,76,75,76,73,67,64,66,65,60,54,50,52,57,59,56,53,54,57,59,62,67,69
90731,Zip,Los Angeles,Los Angeles,Los Angeles-Long Beach-Anaheim,California,All Homes,125,124,121,118,116,113,110,111,114,115,116,117,121,128,135,140,147,152,154,153,149,148,149,149,147,146,144,135,122,115,110,106,106,104,96,85,77,76,80,84,85,83,77,69,66,69,76,83,87,86,82,80,78,75,75,79,83,89,93,91,86,84,86,89,88,84,82,80,78,76,74,71,68,63,57,59,64,67,75,84,85,77,68,66,67,66,58,51,53,59,60,56,47,40,39,40,41,40,41,41,40,38
77057,Zip,Houston,Harris,Houston,Texas,All Homes,351,352,364,380,381,375,380,394,408,416,411,389,371,382,405,410,410,414,404,378,356,350,353,350,342,333,319,309,302,296,285,268,252,237,225,225,224,210,196,187,178,169,163,164,169,169,168,171,171,162,151,148,148,148,152,156,157,158,158,161,166,168,159,145,144,151,160,175,182,181,178,181,193,209,224,226,214,203,198,197,198,204,213,217,217,214,209,212,227,236,237,238,237,231,222,212,203,196,201,211,216,219
77007,Zip,Houston,Harris,Houston,Texas,All Homes,550,541,546,549,529,515,524,543,548,547,552,556,562,571,582,590,593,600,600,581,562,564,576,577,567,553,539,523,509,498,481,472,486,485,456,433,423,416,402,385,373,367,366,364,364,369,375,375,374,384,397,409,412,412,425,446,453,451,464,491,519,553,567,562,575,584,583,587,590,592,589,580,566,555,553,552,548,544,536,524,511,504,504,502,493,470,450,457,475,491,500,495,486,479,470,464,460,452,457,473,479,479
92115,Zip,San Diego,San Diego,San Diego,California,All Homes,175,180,197,209,211,215,217,215,217,223,227,230,231,238,251,259,264,265,256,260,282,288,275,258,246,229,201,179,164,151,148,145,136,133,135,133,129,127,129,129,120,108,104,101,91,91,100,106,108,108,109,115,131,149,155,150,140,131,123,120,123,119,106,95,91,86,79,76,77,76,73,71,75,84,89,87,84,85,90,92,93,88,82,77,69,62,58,57,55,52,50,49,44,39,43,50,55,57,64,71,71,66
92154,Zip,San Diego,San Diego,San Diego,California,All Homes,175,173,182,190,193,203,214,211,204,204,206,210,220,232,235,223,210,201,198,221,259,278,274,264,258,245,225,216,213,205,193,183,175,167,161,156,148,144,144,140,135,131,123,104,83,78,86,88,80,72,75,81,87,93,102,101,94,88,83,78,76,73,62,54,55,56,55,53,50,45,42,42,47,52,60,70,74,72,69,68,66,61,59,59,60,61,58,52,45,40,38,42,47,47,42,40,41,42,47,49,47,45
92122,Zip,San Diego,San Diego,San Diego,California,All Homes,112,116,120,123,127,138,153,157,152,149,156,169,178,189,204,210,209,210,209,211,210,204,198,190,176,157,138,127,123,114,100,86,81,83,86,88,90,93,94,89,81,70,65,68,74,79,81,76,72,71,74,82,94,108,110,107,108,106,101,94,87,78,71,69,69,65,61,60,57,56,53,50,51,56,59,56,52,52,57,59,55,47,42,42,46,47,44,40,34,29,26,27,28,28,30,32,35,38,38,38,38,37
77070,Zip,Houston,Harris,Houston,Texas,All Homes,322,327,342,350,342,336,335,333,328,329,335,336,335,337,337,334,331,337,335,315,297,284,274,263,257,256,248,238,234,230,219,213,210,204,197,189,175,165,163,164,160,150,145,143,139,136,134,133,132,123,112,106,104,100,97,103,112,112,106,106,112,117,114,107,101,92,91,100,110,117,122,122,119,117,115,107,103,108,117,125,130,132,132,132,131,128,132,136,139,145,147,135,113,101,101,107,113,110,108,117,132,140
90036,Zip,Los Angeles,Los Angeles,Los Angeles-Long Beach-Anaheim,California,All Homes,62,62,63,66,65,65,67,66,61,57,56,56,53,53,57,61,60,55,52,52,53,55,54,53,52,51,47,42,41,41,39,37,37,36,35,33,33,32,31,28,26,24,21,19,19,21,23,26,28,28,28,28,30,34,35,32,30,30,30,28,26,24,21,22,23,22,23,25,26,25,25,26,25,26,29,30,29,30,32,37,41,40,36,35,35,34,32,28,26,24,23,21,20,19,17,18,20,21,21,21,22,23
92117,Zip,San Diego,San Diego,San Diego,California,All Homes,127,130,138,148,162,175,176,170,174,184,190,191,193,200,209,210,212,219,214,212,225,231,225,217,206,188,168,149,129,111,100,94,86,77,75,77,77,74,72,75,77,76,78,76,65,59,62,66,70,70,69,76,84,88,89,86,82,81,78,73,69,68,65,59,56,53,55,64,70,69,65,64,66,73,78,79,77,77,78,76,72,68,66,63,61,59,60,57,49,42,42,44,44,43,44,43,42,43,44,44,47,49
92130,Zip,San Diego,San Diego,San Diego,California,All Homes,300,299,298,290,282,287,299,301,306,327,348,359,364,372,384,391,397,399,396,391,383,374,368,357,338,308,275,260,252,235,218,204,191,175,165,160,158,159,162,161,157,153,147,147,153,156,155,150,142,139,149,161,168,172,172,170,165,163,162,159,160,159,151,145,149,155,164,173,177,175,172,169,167,167,171,175,174,170,168,161,155,145,130,121,116,118,118,107,94,84,77,74,76,81,85,91,102,108,106,102,98,94
92128,Zip,San Diego,San Diego,San Diego,California,All Homes,238,250,274,292,308,331,341,340,348,361,367,367,374,390,411,423,425,422,416,412,416,416,404,393,379,342,294,264,247,231,212,191,176,171,168,161,163,170,174,172,158,135,129,132,131,136,146,151,149,146,150,161,174,185,190,192,194,185,171,165,163,155,140,126,115,111,122,139,146,144,141,132,123,126,130,127,133,145,148,138,125,110,100,100,102,100,96,87,75,63,55,49,39,36,46,58,63,70,84,95,103,111
91331,Zip,Los Angeles,Los Angeles,Los Angeles-Long Beach-Anaheim,California,All Homes,319,297,276,266,255,241,234,231,232,236,243,245,246,254,262,257,247,238,231,225,221,220,215,204,189,173,160,150,146,143,135,123,105,91,85,73,59,57,62,67,67,63,63,64,65,61,52,52,59,66,73,79,84,85,81,77,80,83,83,82,80,72,58,46,44,48,52,55,53,48,46,43,39,39,42,44,45,47,50,50,48,50,52,50,46,45,44,42,38,34,31,33,36,35,35,36,39,41,42,42,43,42
90042,Zip,Los Angeles,Los Angeles,Los Angeles-Long Beach-Anaheim,California,All Homes,111,110,109,111,111,111,110,110,115,123,128,129,133,145,154,152,146,141,140,136,131,133,137,136,132,130,125,111,98,93,92,86,79,76,75,78,80,76,69,66,69,71,72,79,85,82,74,72,73,72,73,79,87,92,96,98,96,92,87,77,67,64,70,77,78,72,65,61,60,62,65,68,70,67,62,57,54,54,63,69,64,59,57,56,57,56,53,54,58,58,50,43,45,49,51,51,49,49,51,53,55,60
90024,Zip,Los Angeles,Los Angeles,Los Angeles-Long Beach-Anaheim,California,All Homes,190,187,193,199,193,186,180,176,187,211,222,220,221,229,233,236,244,251,252,246,234,229,236,232,217,208,195,172,155,148,142,134,132,125,111,105,109,111,107,104,102,98,98,101,97,89,85,91,99,101,103,111,119,124,121,116,113,112,112,110,104,96,97,103,102,102,108,113,114,113,110,104,100,101,104,104,101,96,95,97,96,92,91,94,94,91,87,84,82,82,81,81,85,87,84,82,79,77,75,74,79,83
77063,Zip,Houston,Harris,Houston,Texas,All Homes,225,226,237,248,245,237,234,233,235,240,238,236,239,241,241,239,235,232,229,224,222,220,217,210,204,203,203,203,203,199,189,176,166,163,160,154,144,136,130,118,109,110,114,116,115,112,109,107,110,115,112,104,97,93,93,95,92,88,90,92,91,90,88,86,90,89,84,85,92,97,100,106,111,107,101,105,109,112,116,123,131,131,126,124,126,128,129,131,131,132,141,140,126,118,119,119,114,109,110,116,124,128
77042,Zip,Houston,Harris,Houston,Texas,All Homes,230,230,241,254,258,264,276,281,275,266,266,267,263,260,262,263,262,261,255,240,230,228,222,217,214,206,196,195,197,191,182,177,175,170,162,152,144,139,134,129,124,118,110,102,96,89,87,92,98,100,98,89,80,78,77,77,84,90,89,91,100,106,101,87,82,83,89,105,120,128,134,131,126,127,130,130,122,113,107,107,111,115,115,117,122,126,131,140,150,164,180,178,159,149,150,149,141,133,132,143,154,159
92037,Zip,San Diego,San Diego,San Diego,California,All Homes,442,425,415,418,442,489,515,504,499,522,537,534,542,575,601,598,586,563,539,532,523,500,485,479,471,458,441,422,400,376,362,359,351,332,317,314,319,321,314,305,293,275,273,286,293,295,301,302,294,281,279,295,320,337,330,314,307,302,298,294,287,275,265,265,267,271,276,279,289,304,310,303,293,295,300,295,285,281,281,273,264,256,245,238,233,231,231,232,233,235,240,245,244,244,246,250,255,259,265,268,258,248
92103,Zip,San Diego,San Diego,San Diego,California,All Homes,189,194,205,215,225,238,242,235,227,227,233,237,240,258,277,264,238,224,219,223,225,221,219,214,202,183,161,149,142,135,130,121,116,117,117,114,114,113,109,106,101,102,112,119,116,111,107,103,99,94,91,99,116,122,113,108,115,120,118,117,118,115,110,107,105,101,101,103,104,101,96,96,102,107,111,116,124,134,136,131,123,112,108,105,102,97,88,84,81,72,65,64,69,74,79,84,87,91,100,107,102,93
91367,Zip,Los Angeles,Los Angeles,Los Angeles-Long Beach-Anaheim,California,All Homes,283,266,251,244,239,240,243,246,251,256,267,275,269,260,255,245,234,223,207,197,194,193,194,190,180,166,151,142,134,123,114,107,104,102,96,89,90,94,94,97,100,95,92,95,98,96,91,91,95,105,117,118,112,107,107,113,118,119,118,115,112,107,101,101,107,115,116,106,93,91,94,89,84,90,99,104,105,113,127,131,122,108,94,84,83,85,81,74,69,69,70,69,69,72,76,79,73,65,66,76,86,87
77072,Zip,Houston,Harris,Houston,Texas,All Homes,271,273,272,266,255,249,253,257,257,255,250,240,229,224,225,230,227,217,209,203,199,196,192,189,188,188,184,175,168,162,153,151,156,161,163,159,151,144,139,132,129,133,134,126,115,105,100,101,100,91,87,87,87,88,94,97,96,92,84,74,74,77,69,61,63,62,56,52,50,49,50,51,50,50,55,58,57,55,52,48,46,48,54,63,66,61,56,57,60,59,58,58,58,55,51,48,50,52,58,63,61,57
90049,Zip,Los Angeles,Los Angeles,Los Angeles-Long Beach-Anaheim,California,All Homes,232,235,245,252,247,235,230,237,245,254,260,263,266,265,258,253,261,272,274,272,267,263,259,254,251,243,222,203,196,192,184,176,173,168,158,155,155,149,144,146,143,126,111,106,105,107,113,117,116,120,130,132,130,133,141,142,137,133,129,124,120,119,131,146,149,148,148,154,158,153,151,152,152,150,143,133,134,146,160,164,159,155,150,144,142,142,140,135,131,131,126,117,115,124,131,132,134,136,139,143,145,145
91406,Zip,Los Angeles,Los Angeles,Los Angeles-Long Beach-Anaheim,California,All Homes,273,251,225,205,196,195,189,183,183,186,187,185,180,178,181,180,173,167,162,156,152,152,151,144,135,131,127,116,98,76,63,60,56,48,44,44,50,60,65,64,62,57,56,58,54,51,53,56,56,54,58,65,68,75,81,81,81,80,77,71,65,57,51,51,60,67,65,62,61,61,62,59,53,49,48,52,57,65,73,74,71,70,64,55,50,50,50,48,47,44,41,42,45,43,40,41,43,46,50,52,50,47
77015,Zip,Houston,Harris,Houston,Texas,All Homes,180,182,186,186,186,190,193,192,190,190,191,187,183,184,186,184,176,164,158,156,152,144,136,132,130,127,123,122,127,133,130,121,113,112,111,108,106,104,104,103,97,93,95,97,98,98,97,94,92,90,86,82,78,73,71,73,76,75,73,73,76,78,75,72,73,71,63,57,57,58,58,57,54,49,43,42,42,42,44,48,49,50,52,53,50,50,52,52,51,52,54,53,48,42,39,40,42,38,36,38,39,39
77008,Zip,Houston,Harris,Houston,Texas,All Homes,427,432,455,465,448,440,448,451,448,445,444,440,433,435,456,471,475,490,498,482,465,460,463,452,428,408,391,370,350,329,312,305,301,293,284,274,272,270,259,254,245,232,237,256,273,279,279,284,292,285,271,282,315,342,355,355,356,370,396,427,462,497,502,489,496,498,490,503,521,524,524,525,516,505,501,491,481,482,477,453,433,426,409,388,385,386,397,407,398,387,387,392,387,374,362,356,350,336,330,341,348,348
77040,Zip,Houston,Harris,Houston,Texas,All Homes,230,235,241,238,226,224,238,284,335,347,359,373,372,360,342,331,332,331,297,236,201,193,182,171,165,163,163,166,171,171,175,176,166,160,154,141,127,119,120,127,127,118,113,111,104,96,87,79,79,81,83,86,87,82,77,78,78,77,74,73,76,80,79,72,72,70,62,56,52,55,61,64,65,66,68,65,59,63,73,78,78,81,82,81,79,76,77,78,76,77,86,97,99,93,91,95,93,83,75,66,57,53
77089,Zip,Houston,Harris,Houston,Texas,All Homes,190,201,220,233,234,232,237,252,270,283,295,300,298,295,293,292,287,283,267,231,211,208,199,185,177,177,179,179,174,166,159,155,151,148,149,151,150,148,145,146,156,165,165,160,150,143,146,157,162,158,154,151,150,148,144,145,145,135,121,110,107,105,95,82,77,77,85,103,115,116,113,110,108,106,104,95,83,79,80,79,78,80,78,76,76,79,83,86,84,80,82,83,80,81,86,88,84,76,72,80,90,94
92114,Zip,San Diego,San Diego,San Diego,California,All Homes,128,131,143,151,158,173,185,193,204,222,238,253,266,271,268,258,246,240,240,256,293,312,291,260,246,240,229,225,222,208,192,181,172,163,159,153,143,135,133,135,135,132,126,110,80,62,63,67,70,76,82,87,93,99,101,99,96,94,97,99,92,78,65,57,55,55,55,51,44,39,36,36,39,43,48,50,48,48,55,61,59,54,52,55,59,63,60,53,46,39,34,35,39,40,39,39,35,33,39,46,47,47
77339,Zip,Houston,Harris,Houston,Texas,All Homes,324,337,369,380,363,351,351,356,359,351,340,333,332,339,352,365,373,376,358,320,295,291,294,296,291,278,264,257,258,258,256,254,251,249,246,239,237,237,232,221,207,195,192,197,197,182,165,158,157,152,142,133,129,129,129,129,130,132,134,138,143,143,134,129,130,121,112,116,124,131,132,130,131,132,130,122,110,110,125,142,153,161,162,158,153,149,144,150,166,177,178,167,146,137,143,152,149,136,134,139,143,150
90047,Zip,Los Angeles,Los Angeles,Los Angeles-Long Beach-Anaheim,California,All Homes,128,125,123,123,126,131,136,144,151,157,161,162,164,171,173,166,158,154,155,164,172,172,169,164,158,156,160,165,161,149,137,128,121,111,100,93,89,85,81,78,75,74,75,72,64,57,53,54,56,56,57,58,60,65,67,58,51,52,56,58,58,57,57,60,63,59,52,52,55,57,58,56,53,51,47,40,37,39,41,43,46,49,49,49,47,44,41,40,42,46,47,45,43,44,47,49,49,47,43,44,46,45
90018,Zip,Los Angeles,Los Angeles,Los Angeles-Long Beach-Anaheim,California,All Homes,43,42,44,52,60,65,68,71,72,73,76,80,81,84,89,88,83,81,81,74,64,58,59,58,56,54,51,47,44,38,32,31,33,35,34,32,31,31,29,25,25,26,30,34,36,33,30,31,31,31,31,31,31,29,26,24,23,24,26,26,25,25,26,28,28,27,27,28,29,31,30,28,27,26,23,20,20,23,24,23,22,22,23,24,24,24,23,22,22,21,23,26,27,25,22,19,17,17,19,22,25,28
90003,Zip,Los Angeles,Los Angeles,Los Angeles-Long Beach-Anaheim,California,All Homes,95,92,91,91,92,98,106,113,115,113,114,115,116,119,120,121,124,124,119,112,108,107,108,109,105,100,99,96,88,81,76,70,64,60,62,64,65,63,58,53,51,52,55,57,55,53,49,45,46,50,50,49,45,41,42,42,45,48,47,45,43,42,45,48,50,47,43,43,45,45,43,39,36,36,37,38,39,42,45,45,43,42,42,40,37,34,30,31,34,34,30,28,29,28,26,26,27,28,26,22,19,20
90045,Zip,Los Angeles,Los Angeles,Los Angeles-Long Beach-Anaheim,California,All Homes,83,87,88,87,86,87,88,94,103,108,110,111,113,120,126,124,122,122,122,124,129,133,131,126,120,109,95,85,82,79,72,69,64,58,57,57,56,55,55,53,50,50,53,55,50,44,43,45,50,54,58,60,62,64,61,55,53,55,55,52,47,42,43,46,44,42,39,36,36,38,40,42,42,41,41,43,45,46,51,58,62,59,52,48,45,42,43,46,49,50,48,41,36,35,36,40,43,45,46,45,43,42
90016,Zip,Los Angeles,Los Angeles,Los Angeles-Long Beach-Anaheim,California,All Homes,76,74,74,82,90,93,91,89,92,96,99,103,108,115,123,127,126,123,118,105,96,95,95,90,84,79,72,62,51,41,35,35,38,41,41,39,38,38,33,26,24,24,24,26,25,22,21,23,24,25,28,30,32,35,39,41,38,35,33,30,28,27,29,32,30,28,28,29,30,27,25,26,27,26,25,26,27,31,37,42,44,42,37,34,31,28,25,23,27,28,23,21,21,23,24,25,24,24,22,21,22,24
90043,Zip,Los Angeles,Los Angeles,Los Angeles-Long Beach-Anaheim,California,All Homes,116,110,102,105,113,120,125,129,135,141,145,149,147,150,168,182,173,151,137,131,124,120,120,121,118,113,107,103,102,102,99,94,84,76,72,68,69,71,68,58,52,49,51,54,57,63,66,62,57,54,50,44,40,46,55,58,58,57,51,48,49,48,48,53,58,58,54,50,49,49,50,47,44,41,39,38,42,43,39,38,40,38,36,39,41,43,43,39,38,40,42,45,46,43,41,39,38,40,42,43,45,47
91304,Zip,Los Angeles,Los Angeles,Los Angeles-Long Beach-Anaheim,California,All Homes,266,248,226,211,199,190,186,190,200,212,217,214,207,206,209,209,206,202,195,186,179,169,160,154,145,134,122,108,98,97,94,87,78,66,59,60,63,70,78,77,71,67,65,60,56,59,64,66,69,76,83,86,85,84,85,88,92,99,95,81,77,82,83,84,85,82,76,75,74,71,68,66,60,51,46,50,58,69,78,80,75,70,72,76,72,63,60,64,67,64,61,64,66,65,64,65,63,61,63,65,67,67
77088,Zip,Houston,Harris,Houston,Texas,All Homes,216,220,233,239,228,222,231,241,242,238,234,234,238,244,245,240,236,232,224,213,207,206,202,194,187,183,181,182,188,191,190,184,173,171,174,170,162,159,160,159,155,150,145,142,137,130,127,131,131,126,121,117,112,109,108,111,114,112,108,108,109,109,102,96,97,95,88,86,88,86,83,85,85,79,72,67,66,68,70,72,73,76,75,69,67,67,69,72,72,70,68,63,62,65,65,62,60,58,55,53,52,53
92111,Zip,San Diego,San Diego,San Diego,California,All Homes,103,114,127,129,129,135,144,148,148,152,160,166,170,171,166,156,152,154,161,176,196,202,196,186,168,148,132,123,108,93,82,71,63,61,60,59,57,56,58,67,73,69,62,56,55,57,61,64,64,68,76,79,81,86,85,81,74,66,63,65,69,67,59,55,58,59,59,57,55,54,51,46,43,44,48,50,51,52,55,56,52,42,33,29,32,34,31,29,25,22,21,18,17,19,22,26,29,33,35,35,34,34
77099,Zip,Houston,Harris,Houston,Texas,All Homes,194,193,195,196,193,198,208,210,201,184,168,161,159,157,155,151,147,147,148,146,145,144,140,134,129,126,126,137,157,151,122,105,104,111,115,111,105,99,96,93,84,76,79,81,76,69,67,69,71,69,68,66,63,64,62,59,58,59,60,56,54,57,51,41,37,36,40,45,51,53,54,59,63,60,54,49,42,40,44,45,43,41,40,40,40,40,41,39,35,33,34,34,32,29,29,28,28,30,31,31,33,34
77090,Zip,Houston,Harris,Houston,Texas,All Homes,133,135,139,141,142,150,159,163,166,169,169,171,177,176,172,171,169,163,154,143,139,140,144,147,143,136,129,126,127,126,122,120,118,112,103,96,97,100,99,94,87,85,87,91,91,90,93,94,93,90,89,90,91,89,87,86,85,82,74,66,66,70,72,73,74,75,74,78,83,83,83,85,86,85,83,80,75,74,78,81,86,94,100,97,90,91,97,102,105,106,102,91,78,70,70,73,71,65,62,59,56,56
90005,Zip,Los Angeles,Los Angeles,Los Angeles-Long Beach-Anaheim,California,All Homes,49,48,47,50,55,55,51,46,44,46,48,50,48,45,43,43,46,48,44,38,34,31,28,26,25,23,21,19,17,17,18,19,20,20,21,21,21,20,19,18,18,19,18,19,19,18,17,19,22,25,26,27,24,23,26,28,29,30,29,26,25,26,26,26,26,26,27,29,31,33,35,34,31,31,34,33,29,29,32,35,34,31,30,30,31,31,28,27,27,24,20,18,17,18,18,18,19,21,23,24,24,24
92116,Zip,San Diego,San Diego,San Diego,California,All Homes,123,125,127,127,131,141,153,159,160,160,161,163,165,167,166,161,159,158,152,144,142,141,134,124,117,110,101,89,78,72,67,63,62,63,67,71,73,72,72,74,70,64,61,58,56,56,57,59,60,62,65,69,78,81,78,81,84,82,80,77,72,64,60,57,50,47,51,51,47,46,47,46,45,48,55,64,71,71,69,66,66,62,56,52,52,52,46,38,34,35,36,39,38,34,33,35,36,37,38,40,41,39
91344,Zip,Los Angeles,Los Angeles,Los Angeles-Long Beach-Anaheim,California,All Homes,259,236,209,198,196,198,196,194,198,204,211,216,214,213,219,225,228,230,226,214,204,201,193,176,159,147,134,118,105,97,88,76,68,67,65,63,65,70,70,70,68,65,63,65,66,63,66,74,79,88,98,96,89,89,94,100,104,105,102,96,87,81,80,83,86,81,75,73,72,71,72,72,70,66,66,70,74,76,84,94,94,85,72,63,63,68,68,65,64,64,65,60,54,55,57,57,54,52,55,61,64,64
77024,Zip,Houston,Harris,Houston,Texas,All Homes,412,417,429,425,404,384,374,371,364,353,350,346,340,339,348,357,361,361,355,347,341,332,322,309,294,281,268,260,255,250,251,251,247,237,227,228,227,216,208,205,197,186,180,176,168,162,164,167,171,169,155,144,146,154,158,156,160,169,174,175,183,193,188,182,185,187,194,210,230,246,254,262,270,274,279,280,282,294,301,301,304,306,303,298,289,285,294,307,316,323,323,316,303,301,307,311,319,331,343,359,367,364
77004,Zip,Houston,Harris,Houston,Texas,All Homes,271,281,299,300,287,287,296,296,296,313,341,343,318,305,306,304,297,292,293,290,285,280,277,274,273,267,256,252,251,245,234,221,213,205,196,189,185,183,183,186,190,190,192,205,213,205,193,189,193,194,192,189,183,183,187,185,178,174,182,201,221,226,221,221,225,214,204,214,228,232,222,213,210,212,216,217,225,244,253,249,247,251,255,252,249,242,227,217,221,227,224,211,206,208,210,210,210,220,238,250,247,237
77055,Zip,Houston,Harris,Houston,Texas,All Homes,201,206,220,231,230,229,231,232,228,221,218,220,221,219,220,227,232,225,215,211,210,207,199,190,186,187,187,179,166,159,155,150,146,142,139,137,134,130,121,114,110,105,104,110,111,110,114,117,118,115,108,107,115,131,143,144,144,151,160,176,197,208,208,207,211,211,204,210,230,249,260,261,258,260,262,260,262,272,281,284,274,257,244,238,236,235,242,256,260,257,259,257,255,261,265,260,254,253,258,260,258,257
91605,Zip,Los Angeles,Los Angeles,Los Angeles-Long Beach-Anaheim,California,All Homes,136,132,127,119,111,112,117,121,123,123,127,131,128,128,131,128,124,121,117,111,104,100,95,91,87,80,70,67,68,64,58,54,51,45,41,38,36,34,31,31,31,28,28,30,32,33,34,33,34,38,45,46,41,38,37,36,38,40,40,39,35,32,31,33,36,38,36,33,32,35,36,34,33,33,33,32,32,34,38,41,40,37,35,36,38,37,34,32,33,34,34,33,30,27,25,22,21,22,26,29,29,28
92127,Zip,San Diego,San Diego,San Diego,California,All Homes,198,205,222,232,237,250,262,265,268,276,290,301,307,307,303,306,325,350,354,342,352,367,364,351,338,325,302,276,246,218,205,196,185,179,176,174,167,160,164,166,157,139,132,150,164,157,151,155,161,167,173,179,186,197,208,219,220,212,206,199,192,180,164,156,157,157,155,146,139,142,142,137,139,148,159,166,177,188,188,176,158,144,137,134,131,126,121,116,106,93,83,76,75,81,90,99,107,121,135,144,144,138
77044,Zip,Houston,Harris,Houston,Texas,All Homes,337,332,347,367,364,354,368,432,494,508,532,557,559,545,521,518,545,587,549,422,352,351,346,337,332,330,328,320,309,295,287,286,284,277,259,238,251,299,308,274,261,255,250,254,248,233,224,220,208,189,184,199,206,202,201,197,192,204,230,245,240,233,231,225,216,203,200,216,227,230,232,234,230,223,223,227,228,231,259,304,324,314,294,276,271,270,278,290,298,309,319,317,312,309,302,302,304,294,297,312,304,283
90291,Zip,Los Angeles,Los Angeles,Los Angeles-Long Beach-Anaheim,California,All Homes,88,90,91,90,90,99,108,110,110,111,110,106,103,103,107,116,125,129,130,126,117,110,112,118,118,112,103,93,86,80,72,67,65,63,61,58,59,64,67,64,57,48,48,56,58,51,44,39,39,39,40,42,46,45,41,37,38,41,43,45,46,45,47,49,47,49,49,47,52,61,65,64,63,63,62,59,60,63,67,68,67,64,63,61,61,60,57,54,53,53,56,56,55,56,60,63,60,56,57,64,67,65
77060,Zip,Houston,Harris,Houston,Texas,All Homes,73,74,76,73,66,58,54,55,58,60,61,62,62,62,62,59,56,53,53,53,51,49,48,47,47,46,44,46,52,59,60,55,49,43,39,38,40,41,39,38,37,38,40,42,40,36,34,32,27,24,23,23,23,22,20,21,23,24,23,22,21,21,21,22,25,25,21,19,19,21,23,22,21,18,17,16,15,14,16,17,19,21,21,21,22,22,22,21,17,15,13,11,11,14,16,17,19,20,21,20,18,16
91423,Zip,Los Angeles,Los Angeles,Los Angeles-Long Beach-Anaheim,California,All Homes,272,259,237,218,207,202,201,200,202,206,208,205,202,204,209,206,198,187,174,163,158,153,151,148,139,128,116,105,99,94,87,79,74,73,73,72,71,72,73,78,81,80,83,87,85,79,76,78,81,84,89,92,92,95,98,99,104,106,99,90,82,77,75,74,73,72,73,76,76,76,76,74,72,72,76,78,82,88,90,89,84,82,82,78,72,69,69,68,66,64,63,59,55,52,51,54,58,61,61,63,66,65
90065,Zip,Los Angeles,Los Angeles,Los Angeles-Long Beach-Anaheim,California,All Homes,126,123,120,117,113,110,106,103,101,101,104,106,102,98,97,99,102,105,108,110,109,107,109,114,115,113,112,109,104,99,88,74,68,70,70,70,71,70,64,57,58,63,68,74,80,77,66,62,66,70,74,76,74,73,75,75,73,75,76,71,67,67,67,68,66,62,62,63,63,65,69,67,59,54,55,57,59,61,65,68,68,62,59,60,59,57,57,58,56,49,43,41,40,38,38,39,42,45,43,41,43,46
77096,Zip,Houston,Harris,Houston,Texas,All Homes,184,186,189,186,177,174,178,187,190,184,174,165,159,156,159,167,167,164,165,161,155,153,154,152,153,156,153,151,154,154,147,134,121,111,105,103,103,104,105,101,96,93,86,89,99,103,102,100,99,99,97,95,89,79,74,75,78,82,88,91,93,94,88,80,81,89,97,105,119,132,142,148,151,155,158,161,165,174,181,185,183,176,166,160,162,166,175,186,196,206,215,210,200,204,220,236,240,232,228,240,249,247
90292,Zip,Los Angeles,Los Angeles,Los Angeles-Long Beach-Anaheim,California,All Homes,167,168,176,182,184,189,186,176,182,200,212,219,223,223,215,210,213,218,226,230,217,201,195,190,181,173,167,161,151,139,129,123,115,102,92,88,88,90,91,89,85,84,85,90,101,112,115,114,112,110,109,111,117,118,115,109,104,100,94,93,94,89,87,87,83,77,74,73,69,67,68,66,67,71,74,74,74,74,77,85,89,87,89,90,87,83,78,74,74,76,74,69,70,70,67,62,61,63,65,66,67,67
77009,Zip,Houston,Harris,Houston,Texas,All Homes,259,258,260,257,247,243,253,265,266,268,276,273,261,255,258,261,264,266,259,241,226,220,219,218,214,208,207,207,200,189,181,179,183,182,172,167,171,173,171,171,171,170,169,166,166,167,170,174,177,177,169,158,153,156,167,178,181,180,178,179,190,209,218,221,229,229,223,228,243,254,259,258,256,253,252,252,253,259,260,254,248,243,243,247,245,237,241,254,262,265,269,271,266,261,262,263,258,253,249,245,246,249
77035,Zip,Houston,Harris,Houston,Texas,All Homes,152,153,162,171,172,171,171,173,173,181,189,190,190,189,188,185,181,197,227,237,231,231,230,211,191,185,173,163,161,154,142,148,171,164,138,126,120,117,122,127,127,119,112,108,105,103,106,113,116,114,110,107,105,102,97,91,84,84,90,98,109,119,121,114,110,106,103,106,113,122,126,124,121,116,117,124,130,133,132,125,117,116,121,125,130,132,131,130,135,143,147,140,124,114,116,128,139,141,143,147,146,144
91401,Zip,Los Angeles,Los Angeles,Los Angeles-Long Beach-Anaheim,California,All Homes,161,161,161,161,166,171,167,163,166,171,170,164,158,152,146,145,143,139,134,127,125,126,128,126,118,110,101,90,78,66,59,58,54,50,48,46,42,40,40,44,47,46,46,46,43,41,42,48,54,60,63,61,60,58,60,64,65,61,59,61,64,64,62,63,63,62,63,68,72,68,58,50,48,53,61,62,61,68,72,67,60,60,63,64,60,50,40,35,34,34,30,27,28,31,30,29,30,34,37,39,42,44
91604,Zip,Los Angeles,Los Angeles,Los Angeles-Long Beach-Anaheim,California,All Homes,272,262,252,247,247,244,231,223,227,233,231,219,204,198,197,197,196,197,200,198,186,171,165,169,171,165,152,135,118,106,100,93,87,84,84,89,96,104,104,97,93,90,90,97,101,102,106,107,105,106,118,128,128,122,117,112,108,106,108,109,105,99,96,101,109,117,125,129,134,140,136,123,117,116,116,116,113,117,127,131,127,119,114,110,107,104,99,95,96,92,80,72,73,76,76,77,80,83,81,81,88,91
90744,Zip,Los Angeles,Los Angeles,Los Angeles-Long Beach-Anaheim,California,All Homes,61,58,58,60,61,61,61,65,67,66,63,64,67,72,73,70,70,75,77,73,68,66,68,70,69,70,71,66,59,53,50,50,50,48,49,48,45,41,36,35,35,34,31,28,29,30,27,23,21,21,22,23,24,25,25,26,29,30,30,31,31,29,28,28,28,27,27,27,26,24,23,22,21,21,23,25,26,26,27,25,19,18,20,20,22,22,19,18,19,19,19,20,23,23,21,19,17,16,17,18,17,16
77006,Zip,Houston,Harris,Houston,Texas,All Homes,235,235,241,249,254,255,257,259,253,247,249,249,247,252,260,263,262,258,252,243,234,231,227,219,219,214,197,183,180,181,179,169,163,159,155,155,156,154,154,154,147,137,131,128,123,119,119,117,113,111,109,109,111,114,121,128,138,144,147,157,169,174,172,167,170,178,181,188,195,198,199,198,198,197,195,194,193,189,182,182,187,188,186,179,171,167,169,171,169,172,182,184,179,178,179,180,178,179,191,204,207,206
91306,Zip,Los Angeles,Los Angeles,Los Angeles-Long Beach-Anaheim,California,All Homes,255,244,229,214,204,202,200,199,204,210,213,213,207,209,218,218,208,200,192,177,162,159,162,159,148,131,113,103,102,94,81,71,63,56,49,41,37,39,41,45,50,54,61,68,72,68,64,62,62,69,81,85,81,73,69,72,78,79,81,85,85,75,64,57,55,56,60,58,51,43,38,36,38,40,42,44,45,49,53,53,53,55,56,49,43,42,44,43,41,39,37,37,39,38,32,30,32,33,32,32,37,39
91607,Zip,Los Angeles,Los Angeles,Los Angeles-Long Beach-Anaheim,California,All Homes,118,114,110,101,88,80,77,79,87,93,95,93,90,90,89,90,95,101,99,92,88,90,91,89,86,80,74,72,73,69,65,62,55,48,44,43,43,45,46,45,46,48,50,50,50,46,41,40,41,44,46,46,45,44,44,44,45,48,54,53,47,42,42,42,40,38,39,41,41,40,40,39,40,42,43,46,47,47,50,53,54,53,51,51,48,45,43,41,39,39,35,30,27,25,23,23,24,26,28,30,28,27
77056,Zip,Houston,Harris,Houston,Texas,All Homes,365,365,371,377,370,358,357,364,366,356,340,325,312,306,306,302,296,295,298,296,297,302,308,311,312,309,296,275,257,246,239,232,224,219,211,205,203,196,186,177,171,169,168,169,166,157,151,153,154,149,144,145,145,141,141,143,144,150,161,171,178,182,178,173,180,189,189,190,197,205,210,212,217,228,244,255,259,266,270,271,272,277,279,272,261,258,266,277,283,285,287,283,271,261,254,253,257,256,256,265,279,283
90048,Zip,Los Angeles,Los Angeles,Los Angeles-Long Beach-Anaheim,California,All Homes,99,100,101,98,92,85,83,84,86,89,94,98,102,107,107,103,103,106,107,103,98,93,90,87,80,71,67,67,67,66,66,64,60,55,50,50,50,49,49,47,43,40,42,48,48,43,41,43,44,43,41,40,43,44,40,37,40,44,46,46,47,46,45,46,45,45,43,41,42,44,43,42,41,43,46,52,57,57,58,59,59,59,58,55,51,50,50,47,44,43,41,38,38,40,40,36,32,32,33,31,29,29
91311,Zip,Los Angeles,Los Angeles,Los Angeles-Long Beach-Anaheim,California,All Homes,291,273,254,239,225,220,223,231,244,250,250,245,232,229,235,231,222,216,206,191,177,170,167,162,155,146,133,124,117,105,97,91,83,76,72,71,75,78,74,71,72,71,68,70,75,78,78,79,88,105,117,111,104,105,110,111,111,115,118,116,106,93,88,88,89,90,90,89,86,83,85,82,74,67,69,77,85,93,97,95,90,84,76,74,73,67,65,71,78,78,75,75,77,74,67,61,63,69,75,81,84,82
92107,Zip,San Diego,San Diego,San Diego,California,All Homes,117,113,110,113,120,132,136,130,126,129,133,131,127,132,141,147,149,150,148,146,144,138,130,126,125,118,107,96,84,72,64,59,55,53,49,45,44,44,49,55,56,55,57,63,66,62,58,57,58,60,62,64,69,73,70,64,60,58,60,61,57,53,48,43,39,37,34,35,41,48,52,50,46,45,45,45,41,36,37,42,43,41,42,45,49,50,45,39,40,44,46,44,41,40,40,41,42,41,43,45,43,39
90068,Zip,Los Angeles,Los Angeles,Los Angeles-Long Beach-Anaheim,California,All Homes,211,211,217,223,215,205,203,203,201,202,209,215,218,223,224,221,215,203,194,191,188,187,188,184,176,167,155,145,145,147,143,137,134,130,124,122,124,124,118,111,108,103,99,95,91,93,97,103,106,108,113,114,108,107,111,118,120,118,113,105,101,101,107,115,122,130,137,139,134,127,125,123,115,107,105,103,104,111,117,120,124,126,122,119,120,123,125,128,132,129,118,109,108,112,112,111,113,110,101,97,96,93
77073,Zip,Houston,Harris,Houston,Texas,All Homes,223,227,232,234,227,218,219,234,248,254,269,284,288,278,258,239,228,231,224,198,185,187,185,179,172,166,159,150,144,137,129,120,114,111,103,91,86,88,94,98,94,89,92,98,95,87,85,88,90,90,91,92,97,102,106,109,109,110,112,111,106,100,94,91,92,91,88,86,85,82,73,64,59,58,66,76,79,76,72,76,80,77,73,70,66,64,65,67,74,78,75,67,62,61,63,67,71,77,78,72,65,58
77079,Zip,Houston,Harris,Houston,Texas,All Homes,223,220,218,214,206,203,202,198,200,205,200,192,194,207,219,225,230,233,230,217,200,191,189,183,170,160,154,149,147,146,141,133,131,132,129,127,130,133,133,126,114,104,103,108,108,101,95,96,96,86,73,71,77,83,90,97,103,104,102,102,103,105,106,100,95,91,90,104,122,131,135,141,146,148,153,156,152,149,150,152,153,151,148,141,138,140,143,146,149,158,167,156,134,134,151,163,164,159,162,179,201,210
90032,Zip,Los Angeles,Los Angeles,Los Angeles-Long Beach-Anaheim,California,All Homes,72,75,79,82,84,86,88,88,86,86,85,87,90,93,99,101,100,101,99,94,92,90,92,96,97,91,79,71,68,68,66,65,62,59,55,51,51,52,50,49,49,49,47,48,52,54,55,55,53,48,49,53,56,58,55,52,55,60,61,58,53,52,56,57,51,45,44,43,39,37,40,42,42,42,40,38,36,36,40,43,42,38,32,29,30,32,31,30,29,30,32,37,37,34,32,32,35,37,39,42,46,47
77025,Zip,Houston,Harris,Houston,Texas,All Homes,201,202,208,210,197,179,170,175,180,183,187,184,178,188,214,234,236,227,209,192,184,184,184,179,176,173,169,166,165,163,157,145,133,125,122,121,121,120,112,102,100,102,100,97,99,101,103,110,108,94,82,80,83,84,92,102,103,101,98,97,102,108,101,86,81,86,95,107,117,121,120,117,117,121,123,122,126,138,148,146,141,139,139,142,142,140,145,157,159,154,160,168,171,174,175,176,178,178,181,191,203,212
77093,Zip,Houston,Harris,Houston,Texas,All Homes,77,76,75,74,72,72,78,87,94,97,96,89,81,80,82,83,80,78,78,78,76,72,68,65,64,63,61,60,56,49,42,38,37,36,35,36,36,36,37,39,43,46,46,43,40,39,36,35,34,33,34,35,32,32,32,33,35,36,35,37,40,40,36,36,40,42,42,42,39,37,37,38,37,37,35,31,27,27,26,22,21,24,27,27,28,31,32,30,29,29,29,28,27,27,27,28,27,22,19,20,20,20
95120,Zip,San Jose,Santa Clara,San Jose,California,All Homes,103,106,115,121,121,125,137,149,151,151,149,143,138,142,148,156,159,159,156,145,130,123,119,117,116,110,99,90,88,84,76,73,79,80,73,71,71,69,66,61,54,49,51,51,49,50,53,54,50,47,47,48,51,49,43,41,43,44,45,45,48,51,49,49,49,46,41,41,44,48,51,49,46,44,46,48,54,63,67,63,54,47,43,41,42,42,37,31,24,18,18,22,25,23,23,27,30,30,28,25,21,20
91316,Zip,Los Angeles,Los Angeles,Los Angeles-Long Beach-Anaheim,California,All Homes,279,266,253,238,222,211,207,209,209,215,227,223,208,211,219,208,193,186,177,167,157,145,134,132,131,122,106,93,90,91,90,83,75,72,69,65,65,69,74,80,85,84,80,78,81,85,89,93,96,100,105,110,112,108,105,106,108,110,110,104,98,93,93,96,95,97,101,101,97,92,89,87,81,75,74,75,75,78,86,95,100,99,96,94,92,86,79,78,83,84,80,76,75,71,67,66,72,81,86,88,91,95
77019,Zip,Houston,Harris,Houston,Texas,All Homes,275,274,278,277,267,262,267,273,273,266,252,244,248,264,282,291,287,279,274,271,266,262,263,262,256,242,223,218,221,218,206,193,185,181,179,175,166,160,156,149,142,140,143,147,143,138,137,140,145,149,150,153,153,148,146,146,150,156,160,167,177,186,185,176,173,174,171,175,189,200,200,196,195,195,193,191,194,206,216,220,221,221,221,215,205,197,196,202,210,216,219,214,204,197,199,205,205,200,203,214,217,215
77075,Zip,Houston,Harris,Houston,Texas,All Homes,115,118,126,130,124,123,131,139,144,143,139,137,138,140,142,146,152,152,140,122,110,110,114,112,106,97,89,82,75,70,71,77,80,78,73,68,66,69,72,75,79,82,81,76,68,59,53,49,49,52,54,52,49,49,49,50,54,60,66,68,65,58,51,46,46,46,46,50,50,42,37,39,42,43,39,33,28,25,22,21,23,27,31,37,41,40,38,38,37,37,36,33,33,35,32,25,20,19,21,24,25,23
92110,Zip,San Diego,San Diego,San Diego,California,All Homes,89,95,106,114,117,121,122,119,120,127,132,138,146,153,159,160,156,149,144,146,151,149,144,136,125,112,97,84,74,67,65,63,59,55,50,49,49,48,47,47,46,45,48,51,49,51,57,62,66,74,77,78,85,93,92,85,79,76,74,70,66,63,58,56,58,59,56,54,58,58,56,55,53,49,49,52,52,53,58,58,54,49,41,37,37,37,37,38,33,25,22,24,26,27,32,36,35,33,35,36,38,41
90039,Zip,Los Angeles,Los Angeles,Los Angeles-Long Beach-Anaheim,California,All Homes,69,70,73,80,82,75,69,71,77,80,81,80,79,82,86,92,98,101,99,94,91,92,93,89,85,83,82,80,77,73,67,61,56,51,49,50,50,49,46,41,40,39,42,46,46,40,33,32,33,34,35,31,26,27,29,27,27,30,30,30,32,31,28,26,25,24,26,28,28,32,34,32,31,30,29,29,29,32,37,39,39,41,45,48,46,43,42,41,39,34,32,32,30,24,20,21,21,20,18,20,25,29
90002,Zip,Los Angeles,Los Angeles,Los Angeles-Long Beach-Anaheim,California,All Homes,123,118,119,123,126,129,130,131,134,136,132,125,126,134,135,128,124,121,115,114,118,116,114,114,113,111,108,103,93,83,77,75,73,70,68,67,62,58,55,53,52,53,53,51,51,51,53,51,44,39,36,40,49,56,61,58,50,47,46,45,44,43,44,46,45,43,43,41,38,37,36,36,40,43,42,41,37,35,35,38,41,41,39,38,38,38,39,39,38,36,33,33,32,31,32,35,37,38,35,33,33,33
91325,Zip,Los Angeles,Los Angeles,Los Angeles-Long Beach-Anaheim,California,All Homes,153,146,131,122,118,117,122,128,135,142,145,143,136,133,136,136,132,124,116,110,108,107,105,103,99,93,84,72,61,56,53,50,44,40,41,40,40,42,41,42,46,48,45,42,42,43,44,45,45,49,59,67,69,69,65,61,58,57,54,50,51,50,48,47,48,51,57,61,61,56,53,49,43,40,44,49,51,52,55,55,54,53,54,58,59,56,52,46,42,40,39,40,41,39,34,29,29,29,30,31,33,35
91403,Zip,Los Angeles,Los Angeles,Los Angeles-Long Beach-Anaheim,California,All Homes,186,175,161,154,149,144,143,150,163,166,164,162,157,156,163,170,167,158,148,138,127,124,131,136,133,127,119,109,101,96,92,87,78,68,62,62,61,59,60,62,62,60,57,58,63,66,69,71,69,71,75,75,73,78,86,84,81,81,75,68,70,75,73,71,74,75,75,75,77,79,78,72,66,65,67,71,74,76,80,84,83,82,82,79,74,67,61,58,58,60,56,52,52,49,44,44,49,52,52,52,50,47
92120,Zip,San Diego,San Diego,San Diego,California,All Homes,79,82,90,99,109,121,127,129,131,137,142,144,147,152,159,162,166,168,164,158,152,144,140,143,143,132,116,103,89,77,72,72,71,72,75,75,74,73,73,73,71,69,68,65,65,72,78,79,76,74,75,82,89,92,92,90,88,84,77,71,70,67,60,54,53,53,54,58,61,60,57,54,54,62,72,75,70,68,69,73,72,65,59,55,54,52,46,40,38,37,35,31,28,29,33,35,34,34,37,40,42,43
91352,Zip,Los Angeles,Los Angeles,Los Angeles-Long Beach-Anaheim,California,All Homes,141,141,134,120,114,113,110,108,111,114,115,111,108,110,118,123,122,118,113,108,103,98,96,94,88,85,85,81,73,68,64,59,53,48,46,46,48,48,43,39,38,38,42,49,52,49,45,42,39,39,41,45,46,46,45,46,50,55,57,59,59,55,47,41,41,43,43,42,38,32,28,26,25,25,27,31,33,35,35,31,28,29,29,28,25,21,21,24,25,22,19,18,19,22,24,24,24,24,24,24,26,26
91356,Zip,Los Angeles,Los Angeles,Los Angeles-Long Beach-Anaheim,California,All Homes,308,301,285,265,249,237,229,233,245,255,256,246,237,239,249,256,249,235,222,209,197,188,185,184,177,171,161,148,138,131,120,106,104,106,100,93,86,82,82,82,81,80,86,96,94,87,91,103,109,109,111,113,112,109,114,123,126,129,126,115,108,105,102,104,107,110,113,110,101,91,87,86,82,80,80,81,86,97,101,97,96,97,95,92,92,93,91,87,86,84,82,81,80,80,79,82,86,86,85,90,102,114
77018,Zip,Houston,Harris,Houston,Texas,All Homes,216,213,216,218,211,209,221,236,244,243,238,236,238,239,239,238,231,225,224,225,223,219,217,215,211,205,196,190,187,181,173,162,151,148,150,148,151,161,167,165,168,174,171,163,161,156,151,149,146,143,138,129,125,127,135,145,151,155,165,179,195,206,209,218,233,239,236,240,250,259,263,259,251,246,249,255,254,253,250,237,225,214,204,201,199,195,194,194,191,190,195,199,205,213,219,217,207,198,198,203,205,204
77041,Zip,Houston,Harris,Houston,Texas,All Homes,236,236,238,242,237,228,225,224,227,231,227,223,222,222,224,222,212,203,205,203,191,179,167,146,130,128,131,130,131,131,127,124,121,116,110,105,101,100,99,90,78,77,79,79,74,63,61,66,67,63,58,55,56,58,62,67,68,69,74,83,87,82,75,72,73,67,57,54,59,68,75,83,92,93,91,96,101,98,93,89,94,101,101,97,95,96,95,87,86,97,105,102,96,91,88,84,79,76,78,86,95,101
90031,Zip,Los Angeles,Los Angeles,Los Angeles-Long Beach-Anaheim,California,All Homes,40,40,41,41,41,43,46,47,47,48,49,50,53,56,57,57,57,56,53,49,48,50,52,53,51,46,44,45,44,39,31,28,28,28,30,30,30,32,30,27,27,30,33,33,30,27,26,26,27,28,28,30,31,33,34,33,32,29,24,23,22,21,22,23,23,23,22,24,25,26,27,27,26,23,23,22,20,20,23,26,28,28,26,24,23,22,20,18,16,14,15,14,15,17,17,15,15,18,21,22,21,21
77014,Zip,Houston,Harris,Houston,Texas,All Homes,147,153,162,161,146,134,136,145,151,152,155,160,163,165,160,149,146,153,149,132,122,122,121,119,120,120,113,106,100,97,94,90,86,83,78,71,69,71,74,79,84,85,83,82,81,81,81,80,75,66,64,67,62,54,51,54,54,49,44,40,38,37,38,42,50,52,50,46,41,39,42,42,39,34,31,28,30,34,37,39,46,55,60,62,66,67,59,52,49,49,53,57,56,47,39,38,35,32,37,43,42,41
77027,Zip,Houston,Harris,Houston,Texas,All Homes,209,208,210,211,213,218,223,225,222,211,200,191,186,189,197,202,193,178,171,171,170,168,169,169,164,155,146,139,139,141,139,132,125,121,115,111,114,116,114,110,108,109,108,105,103,100,100,98,93,86,79,75,71,69,72,74,73,77,84,90,98,104,103,101,102,98,94,98,109,119,124,127,129,130,133,131,124,123,127,125,121,120,120,119,116,116,119,126,136,142,142,143,143,137,129,126,126,124,123,129,136,142
92124,Zip,San Diego,San Diego,San Diego,California,All Homes,58,61,69,73,76,86,96,98,96,92,89,88,90,93,100,108,116,122,123,124,123,120,116,113,109,101,87,79,77,71,60,54,51,48,46,44,44,45,44,41,36,31,27,28,30,31,34,35,37,40,41,41,40,41,44,46,48,49,48,43,39,36,33,33,34,31,29,27,22,20,21,24,28,31,34,33,29,28,27,27,28,29,29,29,25,21,17,15,14,14,13,13,13,13,13,14,15,14,14,13,11,11
77021,Zip,Houston,Harris,Houston,Texas,All Homes,118,115,110,106,104,108,113,116,120,123,122,118,117,121,126,128,127,129,132,132,133,137,135,127,124,127,128,129,132,129,121,114,111,108,110,115,117,115,110,104,100,101,103,100,90,81,79,79,78,76,76,77,75,74,79,88,95,98,99,102,100,92,84,83,88,88,80,75,74,74,75,79,83,85,89,90,87,85,84,85,86,86,83,79,79,78,78,79,77,78,81,81,81,84,85,80,76,80,89,96,98,94
77049,Zip,Houston,Harris,Houston,Texas,All Homes,149,151,158,159,153,153,164,186,205,214,221,225,228,226,215,205,204,212,199,162,135,125,120,114,111,111,115,120,117,105,99,103,105,102,100,99,98,102,107,108,105,100,100,105,108,105,99,93,88,85,82,81,80,78,78,79,76,74,74,76,81,84,76,68,68,74,74,72,73,76,76,75,68,55,49,55,62,65,65,65,66,68,67,63,60,62,64,64,61,56,55,57,54,50,49,51,52,52,55,56,52,47
92139,Zip,San Diego,San Diego,San Diego,California,All Homes,86,89,96,104,111,117,123,124,122,123,124,124,128,139,153,155,147,138,132,142,165,178,170,158,154,145,123,104,95,92,95,96,93,90,88,86,83,81,81,80,77,73,67,57,43,36,37,40,41,38,38,43,48,46,41,40,42,43,48,49,44,39,36,33,33,34,35,34,28,21,21,22,22,24,27,27,28,33,37,34,30,27,25,24,24,21,20,22,23,22,22,21,19,17,14,13,15,18,20,22,24,27
77047,Zip,Houston,Harris,Houston,Texas,All Homes,192,192,199,204,200,194,196,221,245,251,270,290,300,293,258,224,220,242,237,192,169,173,173,168,160,157,161,169,171,162,155,154,149,152,151,139,136,150,168,174,166,153,148,151,149,144,138,135,132,125,125,135,137,131,130,134,135,128,118,110,102,95,79,61,56,57,58,59,58,54,49,44,41,41,48,51,48,46,47,47,47,46,45,49,52,52,54,59,63,67,70,71,66,58,54,55,51,44,40,42,43,40
77066,Zip,Houston,Harris,Houston,Texas,All Homes,183,190,198,200,198,200,208,214,210,202,201,206,209,212,216,214,205,198,193,182,171,164,159,150,140,136,135,137,136,123,105,99,106,112,110,107,104,100,95,94,96,96,93,91,91,94,93,91,90,89,88,87,86,90,94,90,82,79,78,75,75,77,76,73,74,72,67,69,72,69,66,67,68,64,57,51,52,55,57,58,60,63,66,74,78,74,69,66,64,67,77,83,79,73,69,65,60,55,56,58,55,51
77005,Zip,Houston,Harris,Houston,Texas,All Homes,309,305,303,298,289,285,283,281,277,270,260,247,237,233,235,241,244,246,247,239,233,229,225,218,213,216,220,227,229,215,195,179,165,155,152,152,147,146,145,140,130,121,116,113,112,115,120,123,119,108,99,91,85,85,88,92,96,102,108,116,129,137,130,117,112,114,117,122,131,136,135,134,135,136,136,137,139,145,151,152,152,150,145,138,132,125,123,129,135,138,144,151,147,138,131,128,127,128,129,131,135,140
91364,Zip,Los Angeles,Los Angeles,Los Angeles-Long Beach-Anaheim,California,All Homes,274,263,235,207,194,193,196,201,204,208,213,208,194,191,197,200,196,188,178,169,162,158,158,159,158,153,141,132,131,126,115,107,101,97,95,95,93,92,94,96,92,87,88,91,91,89,88,89,93,99,106,112,115,114,112,114,116,116,115,115,111,103,99,98,97,96,95,94,94,95,94,92,90,91,92,92,97,109,117,117,116,114,109,97,86,82,85,89,92,93,92,89,85,81,77,75,78,82,86,87,81,72
90059,Zip,Los Angeles,Los Angeles,Los Angeles-Long Beach-Anaheim,California,All Homes,101,98,97,101,103,106,111,114,113,112,111,111,114,119,124,124,124,123,124,124,121,118,117,118,114,109,106,106,104,101,96,87,78,74,73,70,70,67,59,52,50,49,49,55,61,59,52,46,42,44,47,47,46,44,39,36,36,37,40,43,43,38,36,38,39,38,35,30,31,36,39,41,42,41,38,35,33,35,37,36,33,30,26,22,21,25,28,28,30,28,26,30,33,32,32,31,29,29,30,28,24,23
90015,Zip,Los Angeles,Los Angeles,Los Angeles-Long Beach-Anaheim,California,All Homes,28,28,27,27,29,32,33,33,36,40,44,46,46,44,42,40,35,33,33,31,30,32,35,36,37,38,35,32,34,35,33,32,32,30,28,28,27,28,30,31,30,25,22,25,30,32,30,29,31,30,29,28,24,23,24,24,25,27,27,28,28,28,29,34,40,45,49,48,44,41,39,40,43,45,49,51,50,52,58,63,61,60,62,62,60,64,67,66,65,64,62,60,60,62,63,60,56,53,51,53,57,60
77016,Zip,Houston,Harris,Houston,Texas,All Homes,70,71,72,71,70,72,75,77,79,79,76,75,76,76,76,74,70,67,67,67,69,74,80,82,83,81,78,76,75,72,68,65,61,56,54,56,58,59,60,61,60,59,60,59,59,60,60,58,54,52,51,51,50,48,45,44,43,38,34,32,34,36,35,35,39,38,35,33,33,37,41,40,37,36,35,33,33,35,39,42,44,44,41,38,36,35,37,36,35,38,42,42,39,35,33,35,35,34,34,37,41,41
91042,Zip,Los Angeles,Los Angeles,Los Angeles-Long Beach-Anaheim,California,All Homes,103,104,104,102,99,98,95,95,99,104,106,110,113,113,114,115,115,113,113,112,107,101,102,104,102,99,96,88,82,81,83,81,78,77,77,74,74,74,67,57,48,49,57,57,52,52,53,54,52,50,51,59,65,62,57,55,56,57,55,53,52,52,53,56,62,63,60,56,56,56,55,52,49,49,49,47,44,44,47,52,55,54,51,47,42,39,40,42,43,40,34,33,34,31,27,27,29,32,34,37,39,39
77022,Zip,Houston,Harris,Houston,Texas,All Homes,72,72,73,70,67,66,68,69,69,69,70,71,69,66,65,66,66,65,64,63,64,67,70,71,71,71,69,66,68,72,72,69,67,63,58,54,53,54,52,50,47,45,44,42,40,36,31,27,25,25,29,31,29,26,25,25,24,24,25,28,31,34,34,34,35,35,35,33,31,32,32,32,34,37,38,37,37,37,36,39,44,45,48,51,51,46,43,44,43,43,43,44,46,46,46,45,39,32,31,34,36,38
77023,Zip,Houston,Harris,Houston,Texas,All Homes,66,62,58,55,53,53,56,59,60,59,59,59,60,59,58,61,65,66,64,61,57,55,53,52,50,49,47,43,43,47,48,45,42,41,42,44,43,43,42,38,33,30,29,33,37,39,37,32,27,24,26,31,33,31,28,28,28,26,24,24,28,31,31,31,34,37,37,35,33,31,32,34,38,42,44,42,39,39,40,40,40,42,42,42,40,39,38,36,33,31,32,33,34,37,40,41,37,34,37,41,44,46
91602,Zip,Los Angeles,Los Angeles,Los Angeles-Long Beach-Anaheim,California,All Homes,161,160,159,154,146,138,132,130,130,129,130,131,129,130,133,131,121,112,109,105,99,93,90,87,82,80,80,79,76,73,69,63,58,59,60,59,57,50,39,33,38,43,44,47,50,48,47,52,54,55,53,47,46,52,58,59,61,61,56,50,45,42,44,50,54,53,48,44,44,46,44,39,38,38,40,41,42,44,50,52,47,44,45,44,44,46,44,40,33,26,23,22,23,24,24,26,28,29,31,36,41,43
77062,Zip,Houston,Harris,Houston,Texas,All Homes,122,133,156,172,181,193,210,219,219,220,215,209,209,213,218,217,210,204,200,194,190,189,185,180,178,172,161,151,145,140,135,131,127,124,122,120,118,118,121,121,116,108,101,97,96,96,97,97,93,88,86,85,81,77,72,66,61,57,55,56,59,59,55,51,51,49,47,48,50,47,45,49,54,53,43,37,39,40,41,47,51,50,49,50,50,47,44,44,50,58,59,56,54,57,59,55,49,46,46,48,48,48
77045,Zip,Houston,Harris,Houston,Texas,All Homes,125,116,100,90,87,86,91,99,103,99,96,91,88,94,103,107,110,112,104,84,71,72,82,88,86,84,85,86,82,72,64,62,62,61,61,61,59,54,53,54,53,50,53,59,60,58,55,52,47,43,39,37,38,40,44,46,47,45,38,35,36,38,36,33,33,34,31,27,26,28,30,28,25,25,25,24,21,20,19,20,21,22,22,22,22,22,25,27,30,34,37,41,43,41,37,34,35,38,39,39,38,38
77058,Zip,Houston,Harris,Houston,Texas,All Homes,142,144,153,162,171,182,185,181,177,174,170,168,167,170,174,177,180,185,189,186,176,170,170,170,165,157,148,141,136,131,127,125,125,128,129,127,126,125,125,128,129,125,120,115,113,113,111,112,115,117,115,108,101,97,100,103,101,98,95,89,81,73,65,55,52,50,46,48,56,59,58,59,60,59,59,58,53,48,44,44,45,43,39,38,42,45,49,54,55,54,54,51,45,42,41,43,46,46,43,43,46,46
90272,Zip,Los Angeles,Los Angeles,Los Angeles-Long Beach-Anaheim,California,All Homes,175,167,167,171,170,167,166,174,188,198,197,190,192,198,196,193,202,210,207,197,184,173,168,167,166,162,157,151,151,155,155,147,142,137,128,121,115,114,112,114,113,105,101,100,96,93,92,95,102,108,109,101,88,80,79,82,84,89,94,96,92,88,91,97,97,94,91,92,97,101,103,104,104,105,104,102,101,106,116,118,111,105,100,93,83,75,75,79,82,81,75,70,72,74,78,84,85,84,81,77,77,78
91303,Zip,Los Angeles,Los Angeles,Los Angeles-Long Beach-Anaheim,California,All Homes,85,80,75,73,74,74,71,68,71,78,82,79,71,67,70,73,73,70,66,59,55,53,54,52,49,47,45,42,37,34,34,34,29,22,18,17,18,20,21,20,20,21,21,23,25,25,21,22,27,29,28,28,27,27,27,29,27,26,29,32,29,24,19,16,16,16,17,20,23,22,19,15,12,13,15,16,16,18,19,18,16,16,16,15,15,17,17,16,14,12,10,8,8,10,11,11,13,14,15,16,17,17
77076,Zip,Houston,Harris,Houston,Texas,All Homes,74,77,81,81,77,74,75,78,81,87,91,90,85,81,76,71,70,72,75,76,77,76,72,69,66,63,61,59,56,53,49,47,46,43,39,38,38,37,39,41,40,37,35,34,31,26,24,23,24,25,26,27,29,30,29,26,24,24,25,26,25,24,22,21,21,22,24,25,24,22,21,22,22,22,22,21,19,17,15,14,13,12,11,13,15,16,16,16,15,15,13,12,13,17,20,20,19,16,14,13,16,19
92119,Zip,San Diego,San Diego,San Diego,California,All Homes,65,70,75,76,77,83,89,90,93,102,112,118,121,126,133,138,137,132,123,114,111,106,99,95,92,89,85,82,77,71,67,64,64,63,61,60,59,56,54,53,49,44,44,49,48,44,44,43,42,43,46,51,55,64,70,69,63,57,56,60,61,56,48,43,41,39,37,37,41,45,43,39,37,40,44,47,48,48,48,50,51,49,47,44,42,38,31,25,25,24,23,24,25,27,30,31,30,30,32,33,36,38
77098,Zip,Houston,Harris,Houston,Texas,All Homes,117,116,121,127,127,127,130,134,135,133,132,130,127,128,133,135,131,124,118,113,109,106,103,99,99,98,91,83,77,75,73,69,67,67,64,62,65,68,67,66,65,64,64,64,59,57,58,59,54,47,45,45,48,57,66,73,77,77,77,83,90,94,94,90,90,86,79,76,78,80,80,82,85,90,94,97,99,97,96,98,100,102,102,97,89,83,81,81,83,86,85,81,78,78,79,78,75,70,68,70,70,69
90062,Zip,Los Angeles,Los Angeles,Los Angeles-Long Beach-Anaheim,California,All Homes,57,55,47,45,48,54,61,64,63,64,66,68,68,74,80,77,71,68,66,65,66,64,61,62,62,62,63,61,54,47,46,44,41,41,41,37,35,34,32,31,32,34,34,35,36,33,32,29,24,23,24,25,27,30,29,25,22,24,26,27,27,24,22,23,23,21,19,21,24,25,25,25,23,20,19,20,21,20,20,20,19,16,14,13,15,16,16,17,16,16,15,15,16,17,15,16,19,19,18,21,26,28
77033,Zip,Houston,Harris,Houston,Texas,All Homes,99,94,91,94,98,99,99,97,96,98,95,90,89,95,103,103,93,86,85,84,84,87,90,90,88,86,82,78,78,81,84,84,83,84,87,89,86,81,77,75,77,83,90,92,87,85,86,85,82,78,75,72,71,71,71,69,68,65,62,59,59,62,64,68,74,67,52,47,51,52,50,50,54,56,55,52,48,46,47,52,55,53,49,47,48,46,45,47,48,48,48,45,41,38,38,39,38,39,43,41,35,34
77345,Zip,Houston,Harris,Houston,Texas,All Homes,274,276,282,285,281,280,285,295,307,312,310,299,284,283,297,311,318,324,326,311,291,273,258,254,254,254,252,247,249,253,249,234,214,200,194,191,190,190,183,172,160,143,129,119,113,112,117,123,122,116,116,116,113,111,111,115,123,125,120,119,124,119,105,101,102,95,94,111,135,149,151,147,144,145,142,131,124,126,132,134,132,131,132,133,133,131,129,127,124,125,131,126,115,115,121,121,121,121,124,134,149,157
77061,Zip,Houston,Harris,Houston,Texas,All Homes,61,59,61,66,65,63,63,64,68,71,71,68,69,72,74,76,78,77,76,76,69,60,58,59,59,58,55,53,52,49,46,45,43,38,34,34,34,34,35,36,35,36,38,37,38,44,45,41,35,29,26,22,21,22,22,20,20,24,27,27,27,29,29,27,25,25,24,25,26,22,20,21,22,22,22,24,24,24,24,24,27,28,27,26,27,30,32,31,30,29,28,28,26,24,25,27,27,25,23,22,24,26
90710,Zip,Los Angeles,Los Angeles,Los Angeles-Long Beach-Anaheim,California,All Homes,53,55,55,56,59,61,60,61,65,73,84,92,92,95,102,99,94,96,101,101,99,100,97,88,82,78,72,69,67,62,57,54,51,42,35,35,34,31,29,26,24,25,27,29,29,29,31,34,36,36,37,39,41,41,39,39,43,47,47,44,43,43,45,50,49,43,39,37,36,34,31,30,29,29,29,29,31,35,39,36,32,32,32,31,31,32,30,27,27,27,26,27,27,22,19,21,24,23,19,19,20,21
77020,Zip,Houston,Harris,Houston,Texas,All Homes,81,81,83,82,77,73,75,79,79,78,78,77,75,75,74,74,76,76,76,75,71,69,69,72,75,75,73,72,75,79,77,71,66,61,55,51,50,51,52,47,41,40,42,41,40,43,45,47,45,43,42,43,44,43,43,42,41,42,46,47,48,47,44,42,43,40,35,34,40,45,48,49,50,50,50,49,48,48,52,57,60,57,51,46,42,39,39,41,42,42,43,42,42,40,37,37,39,41,44,49,54,55
77026,Zip,Houston,Harris,Houston,Texas,All Homes,56,54,55,56,55,54,53,51,50,52,56,61,63,62,64,65,64,62,61,59,62,72,77,74,73,76,75,74,72,69,67,68,66,57,51,51,51,52,51,49,46,44,42,39,38,38,39,38,35,31,29,30,33,36,39,41,41,40,39,39,43,47,48,44,42,42,41,41,39,38,37,36,32,28,29,30,32,33,32,33,34,35,33,30,27,25,25,28,31,32,34,36,36,33,32,35,38,39,38,37,37,40
90732,Zip,Los Angeles,Los Angeles,Los Angeles-Long Beach-Anaheim,California,All Homes,82,81,80,83,87,91,93,90,92,101,113,124,129,134,138,131,120,115,117,120,114,101,91,87,83,80,78,74,70,69,66,60,55,52,47,41,39,38,37,39,40,37,34,36,42,47,46,43,45,49,52,54,55,54,54,54,56,62,65,65,62,61,62,59,55,53,55,57,57,57,57,56,52,48,43,43,46,48,53,55,51,46,44,43,43,41,39,41,44,45,41,36,31,29,28,30,32,30,28,30,36,40
77038,Zip,Houston,Harris,Houston,Texas,All Homes,70,75,79,75,66,64,68,71,72,77,84,87,88,84,74,66,68,75,72,63,59,56,52,48,45,44,48,52,51,47,43,41,38,34,35,38,38,37,38,40,40,37,33,33,34,33,29,29,29,30,31,33,33,30,32,37,39,40,40,41,42,40,35,32,33,34,35,34,31,30,29,26,23,22,24,27,26,25,24,24,24,24,23,24,25,25,25,25,25,25,27,28,30,31,29,24,22,23,21,18,17,18
77069,Zip,Houston,Harris,Houston,Texas,All Homes,213,217,219,216,213,216,225,227,217,208,202,202,204,206,214,222,219,211,206,202,202,202,199,194,193,190,179,168,168,172,170,164,162,161,160,158,158,158,159,160,155,139,127,125,126,121,116,116,117,117,115,110,102,92,88,92,96,102,106,103,98,95,93,91,93,100,107,111,112,114,118,122,125,126,127,123,118,120,120,117,117,119,123,126,124,120,120,125,135,150,158,156,145,133,125,117,108,100,97,103,109,108
91307,Zip,Los Angeles,Los Angeles,Los Angeles-Long Beach-Anaheim,California,All Homes,217,201,182,170,164,167,170,169,170,169,164,159,155,152,151,148,145,141,140,136,127,121,125,128,122,119,115,104,92,81,75,75,75,73,69,65,67,71,69,68,69,68,70,78,83,81,78,74,71,75,84,85,85,86,81,75,77,84,86,82,77,74,74,75,75,70,64,57,55,54,52,50,49,50,51,54,61,71,77,73,62,57,58,62,61,55,51,50,49,48,49,52,54,51,48,46,46,45,48,54,56,54
77086,Zip,Houston,Harris,Houston,Texas,All Homes,87,88,93,98,101,105,112,112,107,105,106,104,100,99,101,98,91,88,86,76,69,67,63,57,57,60,61,60,57,53,49,50,53,54,51,49,49,46,41,40,41,41,39,39,41,41,40,39,37,33,31,30,29,31,35,37,36,34,36,40,39,35,33,30,31,29,25,25,26,27,27,27,29,28,25,23,22,19,16,15,17,17,17,17,19,22,25,26,27,28,29,27,24,20,18,17,18,18,17,16,15,15
92106,Zip,San Diego,San Diego,San Diego,California,All Homes,125,126,128,126,130,143,152,151,147,146,144,137,132,135,139,135,126,124,124,120,113,108,108,111,110,104,96,96,97,91,82,79,82,84,82,76,71,67,64,63,61,57,59,61,61,66,74,79,79,81,87,93,93,91,90,91,92,88,84,80,77,73,66,62,63,63,61,62,68,69,66,68,72,74,77,83,85,84,84,82,77,72,72,73,74,73,66,58,57,61,62,58,57,58,55,53,57,65,70,70,67,64
91040,Zip,Los Angeles,Los Angeles,Los Angeles-Long Beach-Anaheim,California,All Homes,130,130,124,117,113,112,111,112,110,109,117,128,134,136,136,138,140,140,137,132,126,119,109,102,96,89,84,82,76,67,65,67,64,56,51,48,48,53,57,56,53,53,51,45,43,47,48,43,37,37,44,51,54,55,55,52,49,51,53,56,57,52,48,46,46,47,46,47,49,49,47,46,45,43,38,33,34,40,47,53,56,57,56,53,47,45,44,42,38,31,27,27,31,35,36,36,38,41,42,45,50,50
90061,Zip,Los Angeles,Los Angeles,Los Angeles-Long Beach-Anaheim,California,All Homes,59,57,53,51,52,53,51,46,44,45,47,48,46,47,50,51,51,51,51,50,52,53,51,49,49,48,46,43,39,35,34,36,35,34,34,30,25,22,21,22,26,28,27,23,21,21,21,20,21,22,21,20,19,18,19,20,22,24,24,25,26,26,25,22,19,19,22,26,27,23,19,18,18,18,18,20,20,18,15,14,11,11,13,15,15,15,16,18,20,20,19,18,17,14,12,13,14,14,13,12,10,9
77011,Zip,Houston,Harris,Houston,Texas,All Homes,27,27,27,29,31,34,35,35,35,35,35,36,38,39,41,41,38,35,36,38,38,38,37,35,33,31,28,26,25,25,27,28,28,27,25,23,23,24,25,26,24,22,21,22,21,20,20,19,18,17,18,20,23,24,23,19,17,17,19,20,20,19,19,19,20,19,16,16,18,20,19,20,23,24,23,20,17,17,19,19,20,21,22,22,20,21,21,20,21,23,24,23,22,21,21,22,22,21,21,24,25,25
77030,Zip,Houston,Harris,Houston,Texas,All Homes,130,129,125,115,104,102,101,99,102,110,118,115,106,105,110,116,118,115,109,104,100,97,96,95,94,93,94,95,92,85,81,78,72,67,65,64,66,69,68,66,65,64,66,67,67,66,61,55,49,40,35,34,31,29,30,32,33,33,31,36,42,41,37,34,33,32,32,32,34,35,35,33,36,42,45,45,46,49,52,56,60,62,63,61,58,57,57,60,68,78,80,78,72,67,68,72,71,68,69,71,74,77
77012,Zip,Houston,Harris,Houston,Texas,All Homes,16,18,19,19,18,18,18,18,19,19,19,19,19,19,22,23,22,23,25,25,23,22,24,25,23,20,17,15,15,14,13,13,12,11,11,11,12,15,17,18,18,19,20,21,22,21,19,19,20,18,15,14,14,13,12,11,12,12,12,12,11,10,9,9,11,12,13,14,15,15,14,14,15,15,15,14,14,13,11,8,8,8,8,8,8,7,8,8,7,6,7,7,7,8,9,9,10,11,13,15,15,14
77051,Zip,Houston,Harris,Houston,Texas,All Homes,79,81,87,92,94,97,98,97,96,94,94,93,92,93,91,84,79,79,81,79,79,83,88,90,91,91,89,85,84,86,86,82,77,74,73,71,70,70,72,76,75,71,72,75,78,78,74,70,67,66,70,74,74,71,68,65,64,64,66,71,77,80,76,70,68,63,59,61,60,58,56,56,55,52,51,54,57,60,63,67,72,75,78,81,85,84,83,86,89,91,90,88,85,81,74,67,61,56,51,44,40,40
77028,Zip,Houston,Harris,Houston,Texas,All Homes,53,54,55,58,56,52,48,47,46,47,50,51,50,48,47,46,45,45,44,45,50,56,59,60,61,61,59,55,51,48,47,48,48,45,42,39,38,38,39,41,44,45,45,43,39,34,30,31,32,32,30,29,28,31,38,41,38,36,35,34,34,34,35,35,36,34,30,29,31,32,32,33,32,30,28,29,33,34,32,27,26,29,32,32,31,30,28,26,23,22,24,26,27,27,25,23,22,24,28,29,28,29
77048,Zip,Houston,Harris,Houston,Texas,All Homes,55,56,58,59,54,51,52,55,58,58,58,58,62,66,65,62,62,61,56,50,46,43,42,43,44,44,46,50,51,51,51,50,47,43,45,49,51,48,46,44,39,39,42,45,49,52,52,48,44,41,38,37,38,40,42,42,42,44,46,44,42,40,37,36,42,47,46,43,41,39,37,32,29,27,27,27,24,21,19,19,20,20,20,22,25,27,28,29,30,28,25,26,27,24,21,20,21,24,28,27,23,21
77029,Zip,Houston,Harris,Houston,Texas,All Homes,44,44,47,50,51,50,48,46,45,46,47,46,45,44,44,44,43,43,43,43,43,45,46,45,45,48,49,48,46,45,46,47,45,42,41,39,38,37,36,35,34,33,32,31,32,32,32,32,31,28,27,28,27,26,25,24,26,26,25,25,25,24,23,23,25,26,25,25,25,24,22,23,25,24,22,19,17,17,18,18,19,19,18,18,18,20,20,19,19,20,20,18,15,14,15,16,16,15,15,16,17,18
77059,Zip,Houston,Harris,Houston,Texas,All Homes,95,105,119,126,130,135,138,140,145,148,149,151,152,153,157,155,148,146,146,143,137,126,116,111,109,105,101,99,97,91,87,82,76,77,82,83,80,82,87,88,86,85,83,78,73,70,67,66,66,63,60,60,63,65,65,65,67,67,64,62,64,65,61,60,64,63,58,58,64,75,83,85,87,88,86,83,80,78,81,88,89,83,79,79,80,78,75,76,77,82,85,85,86,86,87,89,89,86,80,77,75,75
77002,Zip,Houston,Harris,Houston,Texas,All Homes,69,67,69,73,74,70,64,61,62,60,54,50,50,52,54,52,49,51,53,52,51,53,56,57,59,58,54,53,52,50,48,45,41,39,39,41,40,35,33,35,36,37,39,38,35,35,37,36,34,34,31,29,30,32,34,37,42,44,42,41,42,45,45,40,36,35,37,39,40,40,42,45,47,47,50,57,61,60,54,51,51,51,51,52,52,52,51,49,49,52,58,61,62,61,59,56,56,58,63,65,65,62
91436,Zip,Los Angeles,Los Angeles,Los Angeles-Long Beach-Anaheim,California,All Homes,158,142,121,109,103,101,105,112,117,121,122,116,107,107,114,117,116,116,113,101,87,80,81,83,85,84,77,70,68,66,61,57,58,59,59,58,58,57,55,50,47,45,46,50,55,55,52,50,49,51,57,60,59,56,54,57,61,62,64,68,69,69,72,77,83,87,86,79,69,65,62,57,55,57,63,69,71,69,71,77,81,84,84,78,69,63,58,52,48,48,48,47,46,44,40,41,44,45,46,46,46,49
77336,Zip,Houston,Harris,Houston,Texas,All Homes,128,136,145,146,141,136,132,127,123,120,117,118,119,117,113,109,108,110,113,113,111,111,109,106,106,106,102,98,94,88,86,88,88,87,87,83,78,74,73,74,72,73,72,71,72,71,69,69,67,67,70,71,70,73,80,82,80,78,75,76,79,80,78,79,84,84,80,78,78,77,77,78,79,77,72,70,75,81,80,78,79,81,80,78,78,77,76,77,72,63,57,55,53,55,61,65,65,64,64,64,61,58
77037,Zip,Houston,Harris,Houston,Texas,All Homes,62,61,58,57,57,54,49,46,45,46,47,45,44,45,47,49,50,51,51,51,52,50,48,46,46,46,45,43,41,42,45,47,47,45,42,37,33,33,34,35,36,37,37,35,34,34,33,31,30,29,27,26,25,22,20,19,21,24,27,31,34,31,27,23,21,20,16,13,11,9,10,12,14,15,15,16,17,19,21,23,22,20,19,18,18,18,18,18,17,16,16,16,15,15,14,13,12,11,11,13,14,12
77085,Zip,Houston,Harris,Houston,Texas,All Homes,36,35,34,35,37,39,42,44,42,40,39,39,42,48,53,54,50,48,53,62,67,71,73,70,65,61,58,55,56,53,43,33,30,30,30,30,31,32,30,26,25,27,29,30,28,24,22,20,17,15,15,19,21,21,21,19,19,18,18,20,21,18,16,13,12,10,9,9,8,8,9,9,8,9,10,10,9,8,8,8,8,9,8,8,8,9,9,10,10,10,10,11,9,8,6,5,5,5,6,6,6,6
77003,Zip,Houston,Harris,Houston,Texas,All Homes,93,91,89,86,78,76,81,83,83,86,91,92,89,87,89,87,83,79,76,73,72,74,77,78,75,72,71,75,81,85,84,84,84,75,64,63,69,72,71,68,66,67,68,67,65,60,57,55,54,53,52,55,60,62,60,58,57,57,62,72,80,84,85,89,97,102,106,111,115,118,116,111,110,117,123,123,118,112,107,104,102,105,112,113,114,116,115,114,112,110,111,113,119,125,126,118,102,87,79,77,73,67
77068,Zip,Houston,Harris,Houston,Texas,All Homes,131,133,134,130,123,126,138,141,136,131,126,124,126,127,128,133,135,135,135,131,126,123,124,125,126,124,118,113,110,103,93,87,88,91,93,94,90,87,86,83,82,82,85,87,83,77,71,65,61,63,63,61,59,58,58,61,63,61,59,57,54,52,48,48,50,49,46,47,50,52,51,52,56,58,58,56,55,55,55,58,62,67,70,69,68,68,72,77,77,75,74,68,61,58,61,65,65,60,58,60,63,66
77094,Zip,Houston,Harris,Houston,Texas,All Homes,66,70,78,81,79,77,77,84,89,88,88,89,87,85,84,84,81,82,80,71,65,65,62,59,58,56,53,51,51,53,49,41,34,32,32,31,31,30,30,29,25,19,15,16,18,18,18,20,22,22,19,18,22,25,25,25,25,26,28,32,35,36,37,37,37,36,37,42,44,45,45,44,44,45,45,42,38,37,42,46,46,45,46,47,44,41,42,45,48,51,53,54,55,56,50,44,42,42,43,43,46,50
90077,Zip,Los Angeles,Los Angeles,Los Angeles-Long Beach-Anaheim,California,All Homes,113,114,111,105,103,104,103,101,101,101,104,109,114,116,115,114,114,114,116,114,107,100,97,95,94,95,95,92,92,97,100,100,103,107,106,101,93,89,90,86,76,67,66,69,71,71,73,77,78,77,75,76,75,70,69,70,71,72,72,69,65,58,57,66,74,76,71,68,71,72,71,71,74,78,82,83,86,91,91,89,88,86,85,85,84,86,89,87,83,85,90,91,88,86,87,90,93,95,93,94,99,102
90067,Zip,Los Angeles,Los Angeles,Los Angeles-Long Beach-Anaheim,California,All Homes,29,28,32,40,43,45,43,38,36,40,44,46,50,53,52,51,52,53,55,60,65,67,71,76,74,70,61,50,45,44,43,40,37,34,32,32,33,35,36,36,36,34,31,31,32,30,26,25,25,27,30,34,38,39,38,39,42,46,51,50,47,44,48,55,57,59,63,64,61,58,53,49,49,51,51,47,43,41,42,43,42,41,41,44,46,44,41,40,38,37,36,36,37,37,36,32,30,32,33,34,37,39
