ZIP,YEAR,SEX,Group - 10 Year,POPULATION
92014,2011,Female,10 to 19,710
92120,2011,Female,10 to 19,1289
92082,2011,Female,10 to 19,1261
92114,2011,Female,10 to 19,5188
92027,2011,Female,10 to 19,4265
91962,2011,Female,10 to 19,85
92108,2011,Female,10 to 19,414
92130,2011,Female,10 to 19,4229
91977,2011,Female,10 to 19,4569
92086,2011,Female,10 to 19,59
92145,2011,Female,10 to 19,11
92105,2011,Female,10 to 19,5665
92024,2011,Female,10 to 19,2934
92672,2011,Female,10 to 19,210
92028,2011,Female,10 to 19,3211
92004,2011,Female,10 to 19,248
91931,2011,Female,10 to 19,17
92111,2011,Female,10 to 19,2681
92081,2011,Female,10 to 19,1562
92008,2011,Female,10 to 19,1421
92091,2011,Female,10 to 19,110
92121,2011,Female,10 to 19,154
92259,2011,Female,10 to 19,0
92010,2011,Female,10 to 19,992
91901,2011,Female,10 to 19,1178
92124,2011,Female,10 to 19,1993
92126,2011,Female,10 to 19,3844
92064,2011,Female,10 to 19,3770
92103,2011,Female,10 to 19,672
91914,2011,Female,10 to 19,1444
92029,2011,Female,10 to 19,1034
92036,2011,Female,10 to 19,201
92011,2011,Female,10 to 19,1461
92075,2011,Female,10 to 19,603
92060,2011,Female,10 to 19,33
91916,2011,Female,10 to 19,142
92119,2011,Female,10 to 19,1304
92078,2011,Female,10 to 19,2533
92059,2011,Female,10 to 19,82
92071,2011,Female,10 to 19,3579
91911,2011,Female,10 to 19,6701
92057,2011,Female,10 to 19,3890
92055,2011,Female,10 to 19,1104
91948,2011,Female,10 to 19,24
92129,2011,Female,10 to 19,3883
92093,2011,Female,10 to 19,2867
92069,2011,Female,10 to 19,3620
92154,2011,Female,10 to 19,6097
92056,2011,Female,10 to 19,3169
91934,2011,Female,10 to 19,65
92123,2011,Female,10 to 19,1284
91935,2011,Female,10 to 19,653
92107,2011,Female,10 to 19,874
92054,2011,Female,10 to 19,2237
92040,2011,Female,10 to 19,2773
91910,2011,Female,10 to 19,5717
91978,2011,Female,10 to 19,520
92173,2011,Female,10 to 19,2758
91932,2011,Female,10 to 19,1841
92084,2011,Female,10 to 19,3594
92003,2011,Female,10 to 19,245
92109,2011,Female,10 to 19,1116
91941,2011,Female,10 to 19,1783
92009,2011,Female,10 to 19,2940
92135,2011,Female,10 to 19,111
91980,2011,Female,10 to 19,12
92026,2011,Female,10 to 19,3550
92019,2011,Female,10 to 19,3170
92110,2011,Female,10 to 19,1615
92118,2011,Female,10 to 19,1099
91917,2011,Female,10 to 19,55
92131,2011,Female,10 to 19,2553
92136,2011,Female,10 to 19,198
92101,2011,Female,10 to 19,625
92104,2011,Female,10 to 19,1977
92140,2011,Female,10 to 19,11
92122,2011,Female,10 to 19,1304
92115,2011,Female,10 to 19,3616
91902,2011,Female,10 to 19,1158
92127,2011,Female,10 to 19,2926
92155,2011,Female,10 to 19,2
91945,2011,Female,10 to 19,1854
92096,2011,Female,10 to 19,342
92061,2011,Female,10 to 19,205
92065,2011,Female,10 to 19,2662
91950,2011,Female,10 to 19,4412
92066,2011,Female,10 to 19,20
92037,2011,Female,10 to 19,1905
92116,2011,Female,10 to 19,1155
92139,2011,Female,10 to 19,2485
92067,2011,Female,10 to 19,736
91915,2011,Female,10 to 19,2222
92021,2011,Female,10 to 19,4475
92102,2011,Female,10 to 19,3226
92134,2011,Female,10 to 19,6
92128,2011,Female,10 to 19,2546
92058,2011,Female,10 to 19,1501
92007,2011,Female,10 to 19,443
92070,2011,Female,10 to 19,31
92113,2011,Female,10 to 19,4717
92106,2011,Female,10 to 19,1375
91942,2011,Female,10 to 19,1757
92182,2011,Female,10 to 19,1036
92536,2011,Female,10 to 19,19
91905,2011,Female,10 to 19,119
92161,2011,Female,10 to 19,0
91913,2011,Female,10 to 19,3325
92117,2011,Female,10 to 19,2375
91963,2011,Female,10 to 19,61
92083,2011,Female,10 to 19,2681
91906,2011,Female,10 to 19,234
92020,2011,Female,10 to 19,3770
92025,2011,Female,10 to 19,3815
92009,2011,Female,20 to 29,1632
91945,2011,Female,20 to 29,1896
91962,2011,Female,20 to 29,70
92101,2011,Female,20 to 29,4283
91915,2011,Female,20 to 29,1557
92182,2011,Female,20 to 29,148
92139,2011,Female,20 to 29,2892
92126,2011,Female,20 to 29,5840
92123,2011,Female,20 to 29,2756
91935,2011,Female,20 to 29,442
92011,2011,Female,20 to 29,934
92155,2011,Female,20 to 29,23
92259,2011,Female,20 to 29,0
92102,2011,Female,20 to 29,3922
92115,2011,Female,20 to 29,7229
92024,2011,Female,20 to 29,2778
91906,2011,Female,20 to 29,194
92029,2011,Female,20 to 29,1247
92120,2011,Female,20 to 29,1665
92103,2011,Female,20 to 29,3072
92084,2011,Female,20 to 29,3625
92140,2011,Female,20 to 29,33
91978,2011,Female,20 to 29,584
91963,2011,Female,20 to 29,63
92672,2011,Female,20 to 29,644
92086,2011,Female,20 to 29,88
92026,2011,Female,20 to 29,3781
92056,2011,Female,20 to 29,3962
92122,2011,Female,20 to 29,7218
91950,2011,Female,20 to 29,4246
92136,2011,Female,20 to 29,1292
92069,2011,Female,20 to 29,3407
92093,2011,Female,20 to 29,1472
92019,2011,Female,20 to 29,2942
92028,2011,Female,20 to 29,3150
92107,2011,Female,20 to 29,2939
92058,2011,Female,20 to 29,1988
92070,2011,Female,20 to 29,26
92091,2011,Female,20 to 29,53
91902,2011,Female,20 to 29,1059
92060,2011,Female,20 to 29,48
92106,2011,Female,20 to 29,2066
91934,2011,Female,20 to 29,66
92161,2011,Female,20 to 29,0
92071,2011,Female,20 to 29,3868
92154,2011,Female,20 to 29,5668
92061,2011,Female,20 to 29,162
92117,2011,Female,20 to 29,4084
92075,2011,Female,20 to 29,656
92105,2011,Female,20 to 29,5799
92119,2011,Female,20 to 29,1453
91942,2011,Female,20 to 29,3644
91913,2011,Female,20 to 29,2825
92104,2011,Female,20 to 29,4486
92108,2011,Female,20 to 29,3089
92114,2011,Female,20 to 29,4753
91911,2011,Female,20 to 29,6174
92078,2011,Female,20 to 29,2714
92128,2011,Female,20 to 29,2536
92065,2011,Female,20 to 29,2149
92536,2011,Female,20 to 29,28
91910,2011,Female,20 to 29,5713
92129,2011,Female,20 to 29,2792
92145,2011,Female,20 to 29,31
92130,2011,Female,20 to 29,1935
92131,2011,Female,20 to 29,1502
91977,2011,Female,20 to 29,4358
91941,2011,Female,20 to 29,2481
91932,2011,Female,20 to 29,2397
92007,2011,Female,20 to 29,683
92110,2011,Female,20 to 29,2806
92055,2011,Female,20 to 29,3747
92008,2011,Female,20 to 29,2143
92113,2011,Female,20 to 29,4165
92010,2011,Female,20 to 29,808
92082,2011,Female,20 to 29,964
92054,2011,Female,20 to 29,3300
92066,2011,Female,20 to 29,10
92036,2011,Female,20 to 29,170
92134,2011,Female,20 to 29,24
92014,2011,Female,20 to 29,538
92025,2011,Female,20 to 29,3570
92111,2011,Female,20 to 29,3942
92109,2011,Female,20 to 29,7708
92127,2011,Female,20 to 29,1968
92124,2011,Female,20 to 29,2570
91905,2011,Female,20 to 29,82
91931,2011,Female,20 to 29,18
92135,2011,Female,20 to 29,680
92121,2011,Female,20 to 29,596
91916,2011,Female,20 to 29,94
92059,2011,Female,20 to 29,111
92173,2011,Female,20 to 29,2325
92004,2011,Female,20 to 29,263
91980,2011,Female,20 to 29,14
92118,2011,Female,20 to 29,975
92021,2011,Female,20 to 29,4896
92083,2011,Female,20 to 29,3159
92027,2011,Female,20 to 29,4006
91914,2011,Female,20 to 29,846
92116,2011,Female,20 to 29,3204
91948,2011,Female,20 to 29,13
91901,2011,Female,20 to 29,860
92037,2011,Female,20 to 29,3237
92020,2011,Female,20 to 29,4697
92064,2011,Female,20 to 29,2500
92040,2011,Female,20 to 29,2901
92003,2011,Female,20 to 29,228
92096,2011,Female,20 to 29,43
92081,2011,Female,20 to 29,2391
91917,2011,Female,20 to 29,41
92067,2011,Female,20 to 29,268
92057,2011,Female,20 to 29,4032
91905,2011,Female,30 to 39,106
92109,2011,Female,30 to 39,3992
92259,2011,Female,30 to 39,0
92059,2011,Female,30 to 39,102
92029,2011,Female,30 to 39,1043
91978,2011,Female,30 to 39,487
92145,2011,Female,30 to 39,3
92037,2011,Female,30 to 39,2527
92009,2011,Female,30 to 39,2861
92128,2011,Female,30 to 39,3465
92054,2011,Female,30 to 39,2736
92065,2011,Female,30 to 39,1964
92113,2011,Female,30 to 39,3644
92129,2011,Female,30 to 39,3439
92066,2011,Female,30 to 39,14
92120,2011,Female,30 to 39,1592
92126,2011,Female,30 to 39,5379
91911,2011,Female,30 to 39,5663
92024,2011,Female,30 to 39,3595
92070,2011,Female,30 to 39,25
92083,2011,Female,30 to 39,2543
92027,2011,Female,30 to 39,3485
92672,2011,Female,30 to 39,306
91962,2011,Female,30 to 39,76
91942,2011,Female,30 to 39,2745
92111,2011,Female,30 to 39,3541
92078,2011,Female,30 to 39,3110
92081,2011,Female,30 to 39,1789
92040,2011,Female,30 to 39,2367
92064,2011,Female,30 to 39,2411
91932,2011,Female,30 to 39,1828
92154,2011,Female,30 to 39,4935
92124,2011,Female,30 to 39,2594
91934,2011,Female,30 to 39,48
92119,2011,Female,30 to 39,1302
92134,2011,Female,30 to 39,5
91902,2011,Female,30 to 39,1020
92061,2011,Female,30 to 39,144
92155,2011,Female,30 to 39,8
91980,2011,Female,30 to 39,11
92114,2011,Female,30 to 39,3919
92020,2011,Female,30 to 39,3749
92003,2011,Female,30 to 39,211
92117,2011,Female,30 to 39,3528
91941,2011,Female,30 to 39,2005
92055,2011,Female,30 to 39,1453
92116,2011,Female,30 to 39,3398
92084,2011,Female,30 to 39,2986
92108,2011,Female,30 to 39,1868
92127,2011,Female,30 to 39,3512
92067,2011,Female,30 to 39,355
92026,2011,Female,30 to 39,3306
92105,2011,Female,30 to 39,5308
92086,2011,Female,30 to 39,80
91935,2011,Female,30 to 39,409
92173,2011,Female,30 to 39,1925
92110,2011,Female,30 to 39,1902
92007,2011,Female,30 to 39,896
92010,2011,Female,30 to 39,1018
92069,2011,Female,30 to 39,3194
92123,2011,Female,30 to 39,2249
91910,2011,Female,30 to 39,5126
92004,2011,Female,30 to 39,155
92130,2011,Female,30 to 39,3977
91945,2011,Female,30 to 39,1715
92182,2011,Female,30 to 39,4
91950,2011,Female,30 to 39,3665
92536,2011,Female,30 to 39,17
92121,2011,Female,30 to 39,346
92140,2011,Female,30 to 39,2
92106,2011,Female,30 to 39,1244
92136,2011,Female,30 to 39,168
92057,2011,Female,30 to 39,3518
92103,2011,Female,30 to 39,3239
91901,2011,Female,30 to 39,892
91931,2011,Female,30 to 39,21
91948,2011,Female,30 to 39,20
92082,2011,Female,30 to 39,875
92102,2011,Female,30 to 39,3589
92161,2011,Female,30 to 39,0
92096,2011,Female,30 to 39,0
92118,2011,Female,30 to 39,932
92019,2011,Female,30 to 39,2447
92056,2011,Female,30 to 39,2987
92101,2011,Female,30 to 39,3356
92058,2011,Female,30 to 39,1608
92093,2011,Female,30 to 39,38
92139,2011,Female,30 to 39,2258
91917,2011,Female,30 to 39,29
92135,2011,Female,30 to 39,103
91916,2011,Female,30 to 39,80
92025,2011,Female,30 to 39,3374
92071,2011,Female,30 to 39,3694
92036,2011,Female,30 to 39,163
92075,2011,Female,30 to 39,867
91915,2011,Female,30 to 39,2418
92060,2011,Female,30 to 39,38
91906,2011,Female,30 to 39,169
92091,2011,Female,30 to 39,100
92104,2011,Female,30 to 39,4830
92014,2011,Female,30 to 39,709
91963,2011,Female,30 to 39,43
92131,2011,Female,30 to 39,2482
91914,2011,Female,30 to 39,1209
91913,2011,Female,30 to 39,3594
92011,2011,Female,30 to 39,1419
92028,2011,Female,30 to 39,2385
92021,2011,Female,30 to 39,4123
91977,2011,Female,30 to 39,3879
92008,2011,Female,30 to 39,1810
92115,2011,Female,30 to 39,3893
92107,2011,Female,30 to 39,2567
92122,2011,Female,30 to 39,3578
92123,2011,Female,40 to 49,1616
91945,2011,Female,40 to 49,1709
91916,2011,Female,40 to 49,127
92114,2011,Female,40 to 49,4245
92003,2011,Female,40 to 49,321
92109,2011,Female,40 to 49,2057
92082,2011,Female,40 to 49,1266
92173,2011,Female,40 to 49,2098
92118,2011,Female,40 to 49,1297
92128,2011,Female,40 to 49,3705
92182,2011,Female,40 to 49,5
91931,2011,Female,40 to 49,26
92061,2011,Female,40 to 49,198
92025,2011,Female,40 to 49,3209
92111,2011,Female,40 to 49,3101
91948,2011,Female,40 to 49,34
92027,2011,Female,40 to 49,3684
91941,2011,Female,40 to 49,2336
91913,2011,Female,40 to 49,3395
91980,2011,Female,40 to 49,10
92126,2011,Female,40 to 49,4809
92110,2011,Female,40 to 49,1410
92140,2011,Female,40 to 49,0
91942,2011,Female,40 to 49,2565
92113,2011,Female,40 to 49,3248
92161,2011,Female,40 to 49,0
92116,2011,Female,40 to 49,2312
92070,2011,Female,40 to 49,44
92106,2011,Female,40 to 49,1244
92672,2011,Female,40 to 49,71
92145,2011,Female,40 to 49,0
91906,2011,Female,40 to 49,234
92078,2011,Female,40 to 49,2942
92120,2011,Female,40 to 49,1924
91963,2011,Female,40 to 49,60
92124,2011,Female,40 to 49,1762
92103,2011,Female,40 to 49,1842
92029,2011,Female,40 to 49,1255
92004,2011,Female,40 to 49,220
92127,2011,Female,40 to 49,3621
92121,2011,Female,40 to 49,278
91935,2011,Female,40 to 49,755
92066,2011,Female,40 to 49,24
92026,2011,Female,40 to 49,3684
92131,2011,Female,40 to 49,3312
92069,2011,Female,40 to 49,3403
92102,2011,Female,40 to 49,2667
92040,2011,Female,40 to 49,3111
92154,2011,Female,40 to 49,5289
92130,2011,Female,40 to 49,5605
92020,2011,Female,40 to 49,3950
92105,2011,Female,40 to 49,4613
92037,2011,Female,40 to 49,2475
92054,2011,Female,40 to 49,2481
92007,2011,Female,40 to 49,782
92108,2011,Female,40 to 49,956
92136,2011,Female,40 to 49,17
92101,2011,Female,40 to 49,1703
91934,2011,Female,40 to 49,57
91914,2011,Female,40 to 49,1394
92259,2011,Female,40 to 49,0
92093,2011,Female,40 to 49,12
92083,2011,Female,40 to 49,2432
92021,2011,Female,40 to 49,4594
92096,2011,Female,40 to 49,0
92059,2011,Female,40 to 49,125
92086,2011,Female,40 to 49,75
92010,2011,Female,40 to 49,1239
92117,2011,Female,40 to 49,3505
92122,2011,Female,40 to 49,2141
92036,2011,Female,40 to 49,216
92084,2011,Female,40 to 49,3202
92014,2011,Female,40 to 49,984
92065,2011,Female,40 to 49,2809
92064,2011,Female,40 to 49,4013
92135,2011,Female,40 to 49,28
91978,2011,Female,40 to 49,586
92028,2011,Female,40 to 49,3003
92115,2011,Female,40 to 49,3316
91915,2011,Female,40 to 49,2266
92134,2011,Female,40 to 49,0
92129,2011,Female,40 to 49,4609
92008,2011,Female,40 to 49,1888
92057,2011,Female,40 to 49,3857
92091,2011,Female,40 to 49,171
92075,2011,Female,40 to 49,939
92071,2011,Female,40 to 49,4371
91910,2011,Female,40 to 49,5633
91902,2011,Female,40 to 49,1222
91917,2011,Female,40 to 49,64
92155,2011,Female,40 to 49,2
92536,2011,Female,40 to 49,23
92067,2011,Female,40 to 49,743
92056,2011,Female,40 to 49,3457
91977,2011,Female,40 to 49,4307
92024,2011,Female,40 to 49,4076
92081,2011,Female,40 to 49,1876
91911,2011,Female,40 to 49,5978
91932,2011,Female,40 to 49,1686
91950,2011,Female,40 to 49,3689
91962,2011,Female,40 to 49,106
92009,2011,Female,40 to 49,3905
92119,2011,Female,40 to 49,1672
92104,2011,Female,40 to 49,3060
92060,2011,Female,40 to 49,45
91901,2011,Female,40 to 49,1362
91905,2011,Female,40 to 49,120
92107,2011,Female,40 to 49,1657
92019,2011,Female,40 to 49,3222
92055,2011,Female,40 to 49,367
92139,2011,Female,40 to 49,2368
92011,2011,Female,40 to 49,2050
92058,2011,Female,40 to 49,1498
92122,2011,Female,50 to 59,2087
92259,2011,Female,50 to 59,0
92126,2011,Female,50 to 59,4645
92120,2011,Female,50 to 59,1904
92009,2011,Female,50 to 59,3236
92029,2011,Female,50 to 59,1622
91934,2011,Female,50 to 59,78
92116,2011,Female,50 to 59,2065
91915,2011,Female,50 to 59,1265
92127,2011,Female,50 to 59,2565
91962,2011,Female,50 to 59,157
91910,2011,Female,50 to 59,5158
91932,2011,Female,50 to 59,1713
92536,2011,Female,50 to 59,30
92102,2011,Female,50 to 59,2104
91948,2011,Female,50 to 59,55
91945,2011,Female,50 to 59,1802
92111,2011,Female,50 to 59,2907
92036,2011,Female,50 to 59,391
91977,2011,Female,50 to 59,3972
91905,2011,Female,50 to 59,142
92010,2011,Female,50 to 59,1135
92107,2011,Female,50 to 59,1719
92110,2011,Female,50 to 59,1339
92004,2011,Female,50 to 59,335
92014,2011,Female,50 to 59,1236
91978,2011,Female,50 to 59,655
91963,2011,Female,50 to 59,63
92134,2011,Female,50 to 59,0
92086,2011,Female,50 to 59,112
92008,2011,Female,50 to 59,1993
91917,2011,Female,50 to 59,81
92003,2011,Female,50 to 59,318
92129,2011,Female,50 to 59,4288
91914,2011,Female,50 to 59,1023
91941,2011,Female,50 to 59,2590
92066,2011,Female,50 to 59,32
92019,2011,Female,50 to 59,3586
92135,2011,Female,50 to 59,12
92113,2011,Female,50 to 59,2474
92007,2011,Female,50 to 59,859
92070,2011,Female,50 to 59,81
92115,2011,Female,50 to 59,2976
92055,2011,Female,50 to 59,85
91942,2011,Female,50 to 59,2621
92084,2011,Female,50 to 59,3074
92026,2011,Female,50 to 59,3481
92025,2011,Female,50 to 59,2828
92123,2011,Female,50 to 59,1492
92083,2011,Female,50 to 59,2047
92067,2011,Female,50 to 59,917
92114,2011,Female,50 to 59,4523
92128,2011,Female,50 to 59,3366
92119,2011,Female,50 to 59,1734
92104,2011,Female,50 to 59,2546
92096,2011,Female,50 to 59,0
92136,2011,Female,50 to 59,3
92054,2011,Female,50 to 59,2503
92145,2011,Female,50 to 59,1
92061,2011,Female,50 to 59,200
92021,2011,Female,50 to 59,4734
92078,2011,Female,50 to 59,2315
92130,2011,Female,50 to 59,3776
92027,2011,Female,50 to 59,3461
92121,2011,Female,50 to 59,236
92118,2011,Female,50 to 59,1301
92161,2011,Female,50 to 59,0
92108,2011,Female,50 to 59,916
91931,2011,Female,50 to 59,31
92139,2011,Female,50 to 59,2311
92103,2011,Female,50 to 59,1731
91911,2011,Female,50 to 59,5115
92069,2011,Female,50 to 59,2633
92037,2011,Female,50 to 59,2684
92105,2011,Female,50 to 59,3467
92011,2011,Female,50 to 59,1756
92182,2011,Female,50 to 59,4
91913,2011,Female,50 to 59,2267
91950,2011,Female,50 to 59,3395
92091,2011,Female,50 to 59,172
92124,2011,Female,50 to 59,1643
92082,2011,Female,50 to 59,1442
91916,2011,Female,50 to 59,217
92071,2011,Female,50 to 59,4100
92040,2011,Female,50 to 59,3189
92173,2011,Female,50 to 59,1805
91935,2011,Female,50 to 59,805
92155,2011,Female,50 to 59,1
92058,2011,Female,50 to 59,1432
92154,2011,Female,50 to 59,4674
92028,2011,Female,50 to 59,3507
92109,2011,Female,50 to 59,1802
92024,2011,Female,50 to 59,4448
92020,2011,Female,50 to 59,3925
92101,2011,Female,50 to 59,1767
91906,2011,Female,50 to 59,281
92057,2011,Female,50 to 59,3555
92140,2011,Female,50 to 59,0
92059,2011,Female,50 to 59,97
91902,2011,Female,50 to 59,1344
92065,2011,Female,50 to 59,3037
92056,2011,Female,50 to 59,3595
92093,2011,Female,50 to 59,21
92075,2011,Female,50 to 59,881
92081,2011,Female,50 to 59,1936
92064,2011,Female,50 to 59,4286
92117,2011,Female,50 to 59,3571
92672,2011,Female,50 to 59,20
91901,2011,Female,50 to 59,1479
92060,2011,Female,50 to 59,69
92106,2011,Female,50 to 59,1389
91980,2011,Female,50 to 59,14
92131,2011,Female,50 to 59,2805
92161,2011,Female,60 to 69,0
92081,2011,Female,60 to 69,1175
92009,2011,Female,60 to 69,2038
92003,2011,Female,60 to 69,277
92091,2011,Female,60 to 69,105
92155,2011,Female,60 to 69,1
92024,2011,Female,60 to 69,2872
92064,2011,Female,60 to 69,2491
92057,2011,Female,60 to 69,2288
92086,2011,Female,60 to 69,107
92061,2011,Female,60 to 69,142
92672,2011,Female,60 to 69,12
92259,2011,Female,60 to 69,0
92136,2011,Female,60 to 69,0
91948,2011,Female,60 to 69,33
92121,2011,Female,60 to 69,138
91977,2011,Female,60 to 69,2590
92105,2011,Female,60 to 69,2052
91911,2011,Female,60 to 69,3298
92082,2011,Female,60 to 69,1040
92130,2011,Female,60 to 69,1680
92106,2011,Female,60 to 69,1090
92103,2011,Female,60 to 69,1644
92182,2011,Female,60 to 69,1
92124,2011,Female,60 to 69,1443
92037,2011,Female,60 to 69,2497
92078,2011,Female,60 to 69,2041
92139,2011,Female,60 to 69,1549
92135,2011,Female,60 to 69,1
92128,2011,Female,60 to 69,2843
92004,2011,Female,60 to 69,380
91902,2011,Female,60 to 69,1025
92083,2011,Female,60 to 69,1046
91962,2011,Female,60 to 69,118
92117,2011,Female,60 to 69,2249
92021,2011,Female,60 to 69,3119
92111,2011,Female,60 to 69,2062
92120,2011,Female,60 to 69,1520
92060,2011,Female,60 to 69,63
92028,2011,Female,60 to 69,2773
91910,2011,Female,60 to 69,3432
91950,2011,Female,60 to 69,2160
91931,2011,Female,60 to 69,36
92065,2011,Female,60 to 69,1770
91963,2011,Female,60 to 69,55
92058,2011,Female,60 to 69,945
92116,2011,Female,60 to 69,1369
92101,2011,Female,60 to 69,1391
91901,2011,Female,60 to 69,1012
92107,2011,Female,60 to 69,1166
92071,2011,Female,60 to 69,2708
91934,2011,Female,60 to 69,70
92154,2011,Female,60 to 69,3053
92010,2011,Female,60 to 69,731
92129,2011,Female,60 to 69,2273
92122,2011,Female,60 to 69,1710
91942,2011,Female,60 to 69,1685
91906,2011,Female,60 to 69,200
92066,2011,Female,60 to 69,34
92096,2011,Female,60 to 69,0
91932,2011,Female,60 to 69,898
91917,2011,Female,60 to 69,47
92115,2011,Female,60 to 69,1938
92011,2011,Female,60 to 69,1385
92110,2011,Female,60 to 69,1138
92131,2011,Female,60 to 69,1625
91913,2011,Female,60 to 69,1263
92173,2011,Female,60 to 69,1011
92007,2011,Female,60 to 69,572
92025,2011,Female,60 to 69,1719
92020,2011,Female,60 to 69,2579
91978,2011,Female,60 to 69,414
92040,2011,Female,60 to 69,2012
92075,2011,Female,60 to 69,816
91914,2011,Female,60 to 69,595
92069,2011,Female,60 to 69,1678
92113,2011,Female,60 to 69,1301
91945,2011,Female,60 to 69,1110
92029,2011,Female,60 to 69,1194
92109,2011,Female,60 to 69,1551
92108,2011,Female,60 to 69,578
92536,2011,Female,60 to 69,32
92118,2011,Female,60 to 69,1089
92059,2011,Female,60 to 69,72
92026,2011,Female,60 to 69,2448
92140,2011,Female,60 to 69,0
91980,2011,Female,60 to 69,10
91916,2011,Female,60 to 69,130
92027,2011,Female,60 to 69,2034
91915,2011,Female,60 to 69,685
91905,2011,Female,60 to 69,105
92070,2011,Female,60 to 69,72
92119,2011,Female,60 to 69,1379
92102,2011,Female,60 to 69,1247
92019,2011,Female,60 to 69,2245
92084,2011,Female,60 to 69,1818
92145,2011,Female,60 to 69,0
92055,2011,Female,60 to 69,48
91941,2011,Female,60 to 69,1776
92054,2011,Female,60 to 69,1558
92067,2011,Female,60 to 69,670
92104,2011,Female,60 to 69,1636
91935,2011,Female,60 to 69,566
92014,2011,Female,60 to 69,1194
92123,2011,Female,60 to 69,909
92056,2011,Female,60 to 69,2726
92036,2011,Female,60 to 69,342
92114,2011,Female,60 to 69,2911
92093,2011,Female,60 to 69,16
92008,2011,Female,60 to 69,1373
92134,2011,Female,60 to 69,0
92126,2011,Female,60 to 69,3175
92127,2011,Female,60 to 69,1409
92113,2011,Female,70 to 79,805
91917,2011,Female,70 to 79,23
92124,2011,Female,70 to 79,532
91913,2011,Female,70 to 79,719
92106,2011,Female,70 to 79,637
92101,2011,Female,70 to 79,870
92126,2011,Female,70 to 79,1579
92259,2011,Female,70 to 79,0
92004,2011,Female,70 to 79,292
91905,2011,Female,70 to 79,51
92136,2011,Female,70 to 79,0
92120,2011,Female,70 to 79,1227
92026,2011,Female,70 to 79,1483
92161,2011,Female,70 to 79,0
92110,2011,Female,70 to 79,725
92070,2011,Female,70 to 79,44
92060,2011,Female,70 to 79,23
92003,2011,Female,70 to 79,197
92140,2011,Female,70 to 79,0
92007,2011,Female,70 to 79,246
91980,2011,Female,70 to 79,4
92131,2011,Female,70 to 79,544
92129,2011,Female,70 to 79,899
92008,2011,Female,70 to 79,814
92027,2011,Female,70 to 79,1242
92173,2011,Female,70 to 79,705
92019,2011,Female,70 to 79,1109
92069,2011,Female,70 to 79,924
91932,2011,Female,70 to 79,565
92103,2011,Female,70 to 79,901
92182,2011,Female,70 to 79,0
92057,2011,Female,70 to 79,1648
92118,2011,Female,70 to 79,719
92078,2011,Female,70 to 79,1459
92075,2011,Female,70 to 79,445
91945,2011,Female,70 to 79,641
92056,2011,Female,70 to 79,1848
92055,2011,Female,70 to 79,33
92117,2011,Female,70 to 79,1781
91963,2011,Female,70 to 79,28
92010,2011,Female,70 to 79,365
92024,2011,Female,70 to 79,1406
92119,2011,Female,70 to 79,1195
92081,2011,Female,70 to 79,771
92061,2011,Female,70 to 79,68
92139,2011,Female,70 to 79,908
92091,2011,Female,70 to 79,54
92064,2011,Female,70 to 79,1280
92067,2011,Female,70 to 79,311
92082,2011,Female,70 to 79,538
92065,2011,Female,70 to 79,810
91978,2011,Female,70 to 79,185
92155,2011,Female,70 to 79,0
92014,2011,Female,70 to 79,586
91931,2011,Female,70 to 79,11
92107,2011,Female,70 to 79,520
92104,2011,Female,70 to 79,710
92135,2011,Female,70 to 79,0
92114,2011,Female,70 to 79,1855
92111,2011,Female,70 to 79,1458
92122,2011,Female,70 to 79,1217
92127,2011,Female,70 to 79,636
92672,2011,Female,70 to 79,4
92105,2011,Female,70 to 79,1144
91910,2011,Female,70 to 79,2234
91914,2011,Female,70 to 79,289
92011,2011,Female,70 to 79,780
92021,2011,Female,70 to 79,1699
92115,2011,Female,70 to 79,1035
92154,2011,Female,70 to 79,1990
91962,2011,Female,70 to 79,49
92536,2011,Female,70 to 79,15
91977,2011,Female,70 to 79,1509
92128,2011,Female,70 to 79,1955
92036,2011,Female,70 to 79,180
92040,2011,Female,70 to 79,1132
92071,2011,Female,70 to 79,1420
92025,2011,Female,70 to 79,955
92009,2011,Female,70 to 79,903
92059,2011,Female,70 to 79,31
92020,2011,Female,70 to 79,1719
91901,2011,Female,70 to 79,504
92037,2011,Female,70 to 79,1808
92123,2011,Female,70 to 79,665
92084,2011,Female,70 to 79,1196
92029,2011,Female,70 to 79,694
91916,2011,Female,70 to 79,38
91906,2011,Female,70 to 79,93
92083,2011,Female,70 to 79,624
92134,2011,Female,70 to 79,0
91934,2011,Female,70 to 79,30
91948,2011,Female,70 to 79,15
92086,2011,Female,70 to 79,53
92145,2011,Female,70 to 79,0
91902,2011,Female,70 to 79,598
92121,2011,Female,70 to 79,77
92066,2011,Female,70 to 79,18
91935,2011,Female,70 to 79,239
91941,2011,Female,70 to 79,1118
92130,2011,Female,70 to 79,687
92054,2011,Female,70 to 79,892
92058,2011,Female,70 to 79,643
91950,2011,Female,70 to 79,1621
91915,2011,Female,70 to 79,320
91942,2011,Female,70 to 79,1095
91911,2011,Female,70 to 79,2472
92093,2011,Female,70 to 79,13
92102,2011,Female,70 to 79,733
92116,2011,Female,70 to 79,558
92028,2011,Female,70 to 79,1616
92109,2011,Female,70 to 79,899
92096,2011,Female,70 to 79,0
92108,2011,Female,70 to 79,369
92109,2011,Female,80+,1041
92056,2011,Female,80+,1978
92129,2011,Female,80+,526
92027,2011,Female,80+,954
91905,2011,Female,80+,28
92029,2011,Female,80+,417
92026,2011,Female,80+,1529
92003,2011,Female,80+,124
92135,2011,Female,80+,0
91910,2011,Female,80+,1869
92161,2011,Female,80+,0
91963,2011,Female,80+,17
91901,2011,Female,80+,321
91914,2011,Female,80+,127
92093,2011,Female,80+,12
92139,2011,Female,80+,606
92009,2011,Female,80+,540
92091,2011,Female,80+,34
92110,2011,Female,80+,762
92059,2011,Female,80+,17
92075,2011,Female,80+,339
92116,2011,Female,80+,449
91915,2011,Female,80+,150
92070,2011,Female,80+,26
92028,2011,Female,80+,1235
92101,2011,Female,80+,654
92065,2011,Female,80+,574
91945,2011,Female,80+,628
92057,2011,Female,80+,1286
92107,2011,Female,80+,554
92155,2011,Female,80+,1
92064,2011,Female,80+,1153
92102,2011,Female,80+,469
92108,2011,Female,80+,373
91902,2011,Female,80+,445
92007,2011,Female,80+,236
92037,2011,Female,80+,1779
91962,2011,Female,80+,26
92182,2011,Female,80+,0
91935,2011,Female,80+,129
91948,2011,Female,80+,9
91906,2011,Female,80+,48
91913,2011,Female,80+,403
92058,2011,Female,80+,463
92008,2011,Female,80+,977
92040,2011,Female,80+,719
91977,2011,Female,80+,1166
92014,2011,Female,80+,379
92104,2011,Female,80+,592
92069,2011,Female,80+,780
92025,2011,Female,80+,1036
92024,2011,Female,80+,1928
92114,2011,Female,80+,1072
92136,2011,Female,80+,0
92081,2011,Female,80+,683
92084,2011,Female,80+,1137
92127,2011,Female,80+,776
92082,2011,Female,80+,340
92118,2011,Female,80+,695
92111,2011,Female,80+,1134
92060,2011,Female,80+,21
92105,2011,Female,80+,806
92128,2011,Female,80+,2116
92071,2011,Female,80+,1017
91917,2011,Female,80+,12
92106,2011,Female,80+,658
92119,2011,Female,80+,872
92672,2011,Female,80+,3
91911,2011,Female,80+,1685
91931,2011,Female,80+,3
92083,2011,Female,80+,471
92036,2011,Female,80+,94
92122,2011,Female,80+,1160
92121,2011,Female,80+,29
92061,2011,Female,80+,37
92010,2011,Female,80+,400
92259,2011,Female,80+,0
92536,2011,Female,80+,5
92120,2011,Female,80+,1070
91978,2011,Female,80+,149
92054,2011,Female,80+,714
92086,2011,Female,80+,26
91916,2011,Female,80+,26
92123,2011,Female,80+,687
92126,2011,Female,80+,899
91941,2011,Female,80+,1102
91980,2011,Female,80+,5
92096,2011,Female,80+,0
92103,2011,Female,80+,963
92011,2011,Female,80+,618
91950,2011,Female,80+,1265
92131,2011,Female,80+,286
92055,2011,Female,80+,12
91934,2011,Female,80+,20
92115,2011,Female,80+,1139
91932,2011,Female,80+,397
92066,2011,Female,80+,19
92130,2011,Female,80+,380
91942,2011,Female,80+,1479
92173,2011,Female,80+,401
92124,2011,Female,80+,300
92134,2011,Female,80+,1
92020,2011,Female,80+,1496
92117,2011,Female,80+,1477
92019,2011,Female,80+,986
92067,2011,Female,80+,249
92145,2011,Female,80+,2
92154,2011,Female,80+,1086
92021,2011,Female,80+,1313
92113,2011,Female,80+,544
92078,2011,Female,80+,1531
92004,2011,Female,80+,149
92140,2011,Female,80+,0
92069,2011,Female,Under 10,3502
92118,2011,Female,Under 10,867
91917,2011,Female,Under 10,35
92029,2011,Female,Under 10,1071
92008,2011,Female,Under 10,1341
91977,2011,Female,Under 10,4060
92116,2011,Female,Under 10,1611
92024,2011,Female,Under 10,2858
92020,2011,Female,Under 10,3928
92131,2011,Female,Under 10,2465
92086,2011,Female,Under 10,42
91913,2011,Female,Under 10,3264
92078,2011,Female,Under 10,3020
92135,2011,Female,Under 10,12
92064,2011,Female,Under 10,2611
91902,2011,Female,Under 10,856
92028,2011,Female,Under 10,2953
92004,2011,Female,Under 10,229
92093,2011,Female,Under 10,10
92083,2011,Female,Under 10,2870
91941,2011,Female,Under 10,1848
92119,2011,Female,Under 10,1103
92019,2011,Female,Under 10,2509
91963,2011,Female,Under 10,55
91945,2011,Female,Under 10,1706
92161,2011,Female,Under 10,0
92007,2011,Female,Under 10,473
92113,2011,Female,Under 10,4345
91932,2011,Female,Under 10,1858
92104,2011,Female,Under 10,2504
92139,2011,Female,Under 10,2505
92021,2011,Female,Under 10,4279
92061,2011,Female,Under 10,173
92130,2011,Female,Under 10,3782
92120,2011,Female,Under 10,1260
91950,2011,Female,Under 10,4260
92145,2011,Female,Under 10,0
92107,2011,Female,Under 10,1060
92037,2011,Female,Under 10,1578
92102,2011,Female,Under 10,3234
92114,2011,Female,Under 10,4308
92103,2011,Female,Under 10,956
92106,2011,Female,Under 10,1061
92140,2011,Female,Under 10,0
91916,2011,Female,Under 10,84
91901,2011,Female,Under 10,891
92111,2011,Female,Under 10,2714
92055,2011,Female,Under 10,2997
92067,2011,Female,Under 10,414
91931,2011,Female,Under 10,15
92117,2011,Female,Under 10,2547
92081,2011,Female,Under 10,1688
92124,2011,Female,Under 10,2657
92136,2011,Female,Under 10,0
92040,2011,Female,Under 10,2621
92096,2011,Female,Under 10,0
92129,2011,Female,Under 10,3160
92173,2011,Female,Under 10,2305
91980,2011,Female,Under 10,8
92070,2011,Female,Under 10,24
92122,2011,Female,Under 10,1876
92014,2011,Female,Under 10,493
92009,2011,Female,Under 10,2867
92127,2011,Female,Under 10,3327
91910,2011,Female,Under 10,4928
91915,2011,Female,Under 10,2175
92108,2011,Female,Under 10,758
91914,2011,Female,Under 10,1257
91934,2011,Female,Under 10,59
92155,2011,Female,Under 10,1
92060,2011,Female,Under 10,37
92091,2011,Female,Under 10,126
92059,2011,Female,Under 10,108
92134,2011,Female,Under 10,0
92182,2011,Female,Under 10,0
92128,2011,Female,Under 10,2714
92126,2011,Female,Under 10,4231
92115,2011,Female,Under 10,3497
91905,2011,Female,Under 10,95
92536,2011,Female,Under 10,16
92011,2011,Female,Under 10,1290
92672,2011,Female,Under 10,595
91911,2011,Female,Under 10,5974
92110,2011,Female,Under 10,1265
91942,2011,Female,Under 10,2104
92105,2011,Female,Under 10,5896
92082,2011,Female,Under 10,1016
92075,2011,Female,Under 10,580
92071,2011,Female,Under 10,3207
92025,2011,Female,Under 10,3865
92026,2011,Female,Under 10,3506
92121,2011,Female,Under 10,204
92027,2011,Female,Under 10,3970
92065,2011,Female,Under 10,2167
92084,2011,Female,Under 10,3679
91978,2011,Female,Under 10,459
92123,2011,Female,Under 10,1810
92109,2011,Female,Under 10,1667
92057,2011,Female,Under 10,3757
92054,2011,Female,Under 10,2639
92056,2011,Female,Under 10,2978
92010,2011,Female,Under 10,886
92101,2011,Female,Under 10,946
92066,2011,Female,Under 10,6
92154,2011,Female,Under 10,5434
91948,2011,Female,Under 10,23
92003,2011,Female,Under 10,203
92036,2011,Female,Under 10,171
92058,2011,Female,Under 10,1696
92259,2011,Female,Under 10,0
91935,2011,Female,Under 10,420
91906,2011,Female,Under 10,226
91962,2011,Female,Under 10,68
91935,2011,Male,10 to 19,668
91901,2011,Male,10 to 19,1407
92136,2011,Male,10 to 19,680
92134,2011,Male,10 to 19,20
92029,2011,Male,10 to 19,1116
91911,2011,Male,10 to 19,7169
91915,2011,Male,10 to 19,2348
92067,2011,Male,10 to 19,714
92129,2011,Male,10 to 19,4124
91963,2011,Male,10 to 19,69
92008,2011,Male,10 to 19,1853
92145,2011,Male,10 to 19,30
92059,2011,Male,10 to 19,118
92119,2011,Male,10 to 19,1304
92010,2011,Male,10 to 19,1023
92025,2011,Male,10 to 19,3951
92056,2011,Male,10 to 19,3299
91906,2011,Male,10 to 19,313
92021,2011,Male,10 to 19,4666
92111,2011,Male,10 to 19,2784
92066,2011,Male,10 to 19,14
92114,2011,Male,10 to 19,5488
92173,2011,Male,10 to 19,2994
92154,2011,Male,10 to 19,6954
91910,2011,Male,10 to 19,6012
92027,2011,Male,10 to 19,4394
92130,2011,Male,10 to 19,4471
92115,2011,Male,10 to 19,3524
92082,2011,Male,10 to 19,1246
92011,2011,Male,10 to 19,1608
92054,2011,Male,10 to 19,2359
91914,2011,Male,10 to 19,1458
92105,2011,Male,10 to 19,6033
91934,2011,Male,10 to 19,60
92071,2011,Male,10 to 19,3755
92061,2011,Male,10 to 19,198
91905,2011,Male,10 to 19,228
92139,2011,Male,10 to 19,2662
92121,2011,Male,10 to 19,172
92126,2011,Male,10 to 19,4618
92083,2011,Male,10 to 19,2931
92108,2011,Male,10 to 19,471
92117,2011,Male,10 to 19,2549
92135,2011,Male,10 to 19,237
92009,2011,Male,10 to 19,2997
92057,2011,Male,10 to 19,3959
92096,2011,Male,10 to 19,168
92536,2011,Male,10 to 19,15
92106,2011,Male,10 to 19,1298
92081,2011,Male,10 to 19,1717
92003,2011,Male,10 to 19,242
92113,2011,Male,10 to 19,4990
92109,2011,Male,10 to 19,1166
92058,2011,Male,10 to 19,1658
91945,2011,Male,10 to 19,1864
92103,2011,Male,10 to 19,696
92004,2011,Male,10 to 19,225
92084,2011,Male,10 to 19,3663
92104,2011,Male,10 to 19,2005
92118,2011,Male,10 to 19,1181
92060,2011,Male,10 to 19,44
92093,2011,Male,10 to 19,2417
92020,2011,Male,10 to 19,3977
92007,2011,Male,10 to 19,501
92070,2011,Male,10 to 19,46
92075,2011,Male,10 to 19,674
91941,2011,Male,10 to 19,1929
91942,2011,Male,10 to 19,1975
91931,2011,Male,10 to 19,16
92116,2011,Male,10 to 19,1317
92123,2011,Male,10 to 19,1472
92259,2011,Male,10 to 19,0
92091,2011,Male,10 to 19,118
92161,2011,Male,10 to 19,0
92078,2011,Male,10 to 19,2605
91913,2011,Male,10 to 19,3485
92040,2011,Male,10 to 19,2972
92131,2011,Male,10 to 19,2662
92124,2011,Male,10 to 19,2110
91948,2011,Male,10 to 19,37
92014,2011,Male,10 to 19,769
92036,2011,Male,10 to 19,192
92182,2011,Male,10 to 19,709
92028,2011,Male,10 to 19,3380
92120,2011,Male,10 to 19,1345
91950,2011,Male,10 to 19,4603
92110,2011,Male,10 to 19,1472
92672,2011,Male,10 to 19,180
91932,2011,Male,10 to 19,2069
92055,2011,Male,10 to 19,4014
91902,2011,Male,10 to 19,1170
91916,2011,Male,10 to 19,157
91962,2011,Male,10 to 19,85
92140,2011,Male,10 to 19,1784
91980,2011,Male,10 to 19,8
91917,2011,Male,10 to 19,68
92086,2011,Male,10 to 19,61
92069,2011,Male,10 to 19,3829
92064,2011,Male,10 to 19,4000
92037,2011,Male,10 to 19,1889
92019,2011,Male,10 to 19,3250
92155,2011,Male,10 to 19,52
92107,2011,Male,10 to 19,976
92026,2011,Male,10 to 19,3828
91978,2011,Male,10 to 19,541
92127,2011,Male,10 to 19,3234
92122,2011,Male,10 to 19,1362
92128,2011,Male,10 to 19,2737
91977,2011,Male,10 to 19,4784
92101,2011,Male,10 to 19,757
92024,2011,Male,10 to 19,3261
92102,2011,Male,10 to 19,3159
92065,2011,Male,10 to 19,2887
92104,2011,Male,20 to 29,4200
91910,2011,Male,20 to 29,6052
91962,2011,Male,20 to 29,80
92037,2011,Male,20 to 29,3418
92136,2011,Male,20 to 29,7593
92036,2011,Male,20 to 29,198
92064,2011,Male,20 to 29,2863
91901,2011,Male,20 to 29,1012
92004,2011,Male,20 to 29,276
92111,2011,Male,20 to 29,4144
91978,2011,Male,20 to 29,638
92110,2011,Male,20 to 29,2783
92057,2011,Male,20 to 29,4306
92102,2011,Male,20 to 29,3918
92007,2011,Male,20 to 29,656
92129,2011,Male,20 to 29,2972
91931,2011,Male,20 to 29,15
92124,2011,Male,20 to 29,2622
92121,2011,Male,20 to 29,754
92103,2011,Male,20 to 29,2575
92058,2011,Male,20 to 29,2219
91935,2011,Male,20 to 29,522
92140,2011,Male,20 to 29,1775
91915,2011,Male,20 to 29,1465
92029,2011,Male,20 to 29,1205
92106,2011,Male,20 to 29,2706
92139,2011,Male,20 to 29,2879
91980,2011,Male,20 to 29,11
91906,2011,Male,20 to 29,200
92040,2011,Male,20 to 29,2926
92019,2011,Male,20 to 29,3059
92113,2011,Male,20 to 29,4197
92024,2011,Male,20 to 29,2985
92056,2011,Male,20 to 29,4184
92114,2011,Male,20 to 29,4907
92066,2011,Male,20 to 29,11
92118,2011,Male,20 to 29,1283
92071,2011,Male,20 to 29,3752
92109,2011,Male,20 to 29,8283
92128,2011,Male,20 to 29,2495
92091,2011,Male,20 to 29,48
92020,2011,Male,20 to 29,4699
91913,2011,Male,20 to 29,2762
92011,2011,Male,20 to 29,858
91911,2011,Male,20 to 29,6347
92120,2011,Male,20 to 29,1786
91945,2011,Male,20 to 29,1873
92081,2011,Male,20 to 29,2699
92119,2011,Male,20 to 29,1533
91942,2011,Male,20 to 29,3495
92093,2011,Male,20 to 29,1573
92026,2011,Male,20 to 29,3942
92131,2011,Male,20 to 29,1488
91934,2011,Male,20 to 29,64
92117,2011,Male,20 to 29,4541
92123,2011,Male,20 to 29,2717
92096,2011,Male,20 to 29,32
92009,2011,Male,20 to 29,1651
91977,2011,Male,20 to 29,4509
92122,2011,Male,20 to 29,7140
92536,2011,Male,20 to 29,32
92084,2011,Male,20 to 29,4042
92161,2011,Male,20 to 29,0
92105,2011,Male,20 to 29,5782
92145,2011,Male,20 to 29,155
92065,2011,Male,20 to 29,2290
92130,2011,Male,20 to 29,1975
91917,2011,Male,20 to 29,57
91963,2011,Male,20 to 29,47
92115,2011,Male,20 to 29,7787
91941,2011,Male,20 to 29,2385
92154,2011,Male,20 to 29,8141
91948,2011,Male,20 to 29,17
91905,2011,Male,20 to 29,137
91902,2011,Male,20 to 29,1121
92059,2011,Male,20 to 29,112
92173,2011,Male,20 to 29,2201
92082,2011,Male,20 to 29,1071
92070,2011,Male,20 to 29,54
92069,2011,Male,20 to 29,3595
92107,2011,Male,20 to 29,3093
92155,2011,Male,20 to 29,295
92055,2011,Male,20 to 29,15080
92025,2011,Male,20 to 29,4006
91932,2011,Male,20 to 29,2678
92116,2011,Male,20 to 29,2655
92126,2011,Male,20 to 29,8987
92259,2011,Male,20 to 29,0
92061,2011,Male,20 to 29,188
92127,2011,Male,20 to 29,1915
92083,2011,Male,20 to 29,3579
92108,2011,Male,20 to 29,2751
91950,2011,Male,20 to 29,4410
92672,2011,Male,20 to 29,721
91914,2011,Male,20 to 29,857
92010,2011,Male,20 to 29,801
92054,2011,Male,20 to 29,3444
92008,2011,Male,20 to 29,2423
92067,2011,Male,20 to 29,293
92027,2011,Male,20 to 29,4167
92086,2011,Male,20 to 29,91
92075,2011,Male,20 to 29,660
92078,2011,Male,20 to 29,2594
92182,2011,Male,20 to 29,123
92028,2011,Male,20 to 29,3572
92101,2011,Male,20 to 29,5387
92135,2011,Male,20 to 29,3172
92021,2011,Male,20 to 29,4880
92003,2011,Male,20 to 29,267
92014,2011,Male,20 to 29,616
92134,2011,Male,20 to 29,115
91916,2011,Male,20 to 29,110
92060,2011,Male,20 to 29,47
91934,2011,Male,30 to 39,63
91916,2011,Male,30 to 39,78
92120,2011,Male,30 to 39,1671
92672,2011,Male,30 to 39,309
92082,2011,Male,30 to 39,864
92008,2011,Male,30 to 39,2000
92104,2011,Male,30 to 39,5119
92019,2011,Male,30 to 39,2410
92119,2011,Male,30 to 39,1307
91913,2011,Male,30 to 39,3267
92123,2011,Male,30 to 39,2305
91906,2011,Male,30 to 39,225
92029,2011,Male,30 to 39,1074
92101,2011,Male,30 to 39,5396
92155,2011,Male,30 to 39,54
92140,2011,Male,30 to 39,14
91950,2011,Male,30 to 39,3482
92113,2011,Male,30 to 39,3700
92128,2011,Male,30 to 39,3162
92010,2011,Male,30 to 39,934
92064,2011,Male,30 to 39,2305
92061,2011,Male,30 to 39,164
92075,2011,Male,30 to 39,881
92003,2011,Male,30 to 39,221
91914,2011,Male,30 to 39,1000
92114,2011,Male,30 to 39,3738
91977,2011,Male,30 to 39,3719
92026,2011,Male,30 to 39,3266
92111,2011,Male,30 to 39,3610
92091,2011,Male,30 to 39,82
92139,2011,Male,30 to 39,2248
92065,2011,Male,30 to 39,1879
92083,2011,Male,30 to 39,2657
92009,2011,Male,30 to 39,2511
92134,2011,Male,30 to 39,23
92056,2011,Male,30 to 39,3034
92145,2011,Male,30 to 39,15
91942,2011,Male,30 to 39,2815
92011,2011,Male,30 to 39,1189
92020,2011,Male,30 to 39,3750
92108,2011,Male,30 to 39,2219
92135,2011,Male,30 to 39,688
92014,2011,Male,30 to 39,709
92109,2011,Male,30 to 39,5877
92021,2011,Male,30 to 39,4003
91901,2011,Male,30 to 39,795
91911,2011,Male,30 to 39,5203
91932,2011,Male,30 to 39,1852
92122,2011,Male,30 to 39,4145
92024,2011,Male,30 to 39,3602
92004,2011,Male,30 to 39,162
92117,2011,Male,30 to 39,3904
92136,2011,Male,30 to 39,1461
92067,2011,Male,30 to 39,247
92124,2011,Male,30 to 39,2499
91905,2011,Male,30 to 39,134
92536,2011,Male,30 to 39,26
92115,2011,Male,30 to 39,4056
92036,2011,Male,30 to 39,159
92107,2011,Male,30 to 39,3128
92096,2011,Male,30 to 39,5
92071,2011,Male,30 to 39,3491
92086,2011,Male,30 to 39,58
92058,2011,Male,30 to 39,1643
91935,2011,Male,30 to 39,402
92259,2011,Male,30 to 39,0
91931,2011,Male,30 to 39,18
92182,2011,Male,30 to 39,2
91915,2011,Male,30 to 39,2230
92078,2011,Male,30 to 39,2927
92173,2011,Male,30 to 39,1649
92103,2011,Male,30 to 39,3625
92105,2011,Male,30 to 39,4995
92130,2011,Male,30 to 39,3319
92121,2011,Male,30 to 39,382
91910,2011,Male,30 to 39,4936
92037,2011,Male,30 to 39,2670
91948,2011,Male,30 to 39,31
91962,2011,Male,30 to 39,70
91978,2011,Male,30 to 39,420
92081,2011,Male,30 to 39,2001
91902,2011,Male,30 to 39,961
92060,2011,Male,30 to 39,37
92161,2011,Male,30 to 39,0
91980,2011,Male,30 to 39,14
92093,2011,Male,30 to 39,65
92057,2011,Male,30 to 39,3378
92027,2011,Male,30 to 39,3588
91963,2011,Male,30 to 39,54
91917,2011,Male,30 to 39,49
92110,2011,Male,30 to 39,2114
92028,2011,Male,30 to 39,2378
92131,2011,Male,30 to 39,2237
92154,2011,Male,30 to 39,6484
92069,2011,Male,30 to 39,3177
92054,2011,Male,30 to 39,2950
92116,2011,Male,30 to 39,3591
92007,2011,Male,30 to 39,933
92127,2011,Male,30 to 39,3122
92102,2011,Male,30 to 39,3818
92025,2011,Male,30 to 39,3402
92126,2011,Male,30 to 39,6009
92055,2011,Male,30 to 39,1492
91941,2011,Male,30 to 39,1985
92106,2011,Male,30 to 39,1510
92118,2011,Male,30 to 39,872
92040,2011,Male,30 to 39,2392
92059,2011,Male,30 to 39,100
92066,2011,Male,30 to 39,14
91945,2011,Male,30 to 39,1695
92070,2011,Male,30 to 39,32
92084,2011,Male,30 to 39,3067
92129,2011,Male,30 to 39,3146
91913,2011,Male,40 to 49,3097
91941,2011,Male,40 to 49,2151
92121,2011,Male,40 to 49,310
92115,2011,Male,40 to 49,3590
92061,2011,Male,40 to 49,200
92081,2011,Male,40 to 49,1909
91950,2011,Male,40 to 49,3497
92019,2011,Male,40 to 49,2918
92536,2011,Male,40 to 49,24
92104,2011,Male,40 to 49,3918
91905,2011,Male,40 to 49,112
92107,2011,Male,40 to 49,1969
92091,2011,Male,40 to 49,149
92672,2011,Male,40 to 49,69
92060,2011,Male,40 to 49,46
92124,2011,Male,40 to 49,1705
92120,2011,Male,40 to 49,1744
92113,2011,Male,40 to 49,3344
91914,2011,Male,40 to 49,1355
92111,2011,Male,40 to 49,3244
91934,2011,Male,40 to 49,61
92021,2011,Male,40 to 49,4524
92036,2011,Male,40 to 49,260
91932,2011,Male,40 to 49,1627
92069,2011,Male,40 to 49,3414
92131,2011,Male,40 to 49,3090
92134,2011,Male,40 to 49,2
92058,2011,Male,40 to 49,1490
92093,2011,Male,40 to 49,14
92071,2011,Male,40 to 49,3955
92066,2011,Male,40 to 49,16
92108,2011,Male,40 to 49,1212
91942,2011,Male,40 to 49,2517
92007,2011,Male,40 to 49,775
92082,2011,Male,40 to 49,1173
92155,2011,Male,40 to 49,21
92084,2011,Male,40 to 49,3220
92025,2011,Male,40 to 49,3354
92106,2011,Male,40 to 49,1318
92182,2011,Male,40 to 49,2
91962,2011,Male,40 to 49,78
92123,2011,Male,40 to 49,1613
91902,2011,Male,40 to 49,1098
92010,2011,Male,40 to 49,1128
92126,2011,Male,40 to 49,5109
92014,2011,Male,40 to 49,868
92109,2011,Male,40 to 49,2878
92161,2011,Male,40 to 49,0
92065,2011,Male,40 to 49,2625
92122,2011,Male,40 to 49,2219
92140,2011,Male,40 to 49,7
92128,2011,Male,40 to 49,3460
92075,2011,Male,40 to 49,855
92011,2011,Male,40 to 49,1795
92056,2011,Male,40 to 49,3335
92028,2011,Male,40 to 49,2862
92139,2011,Male,40 to 49,2205
92078,2011,Male,40 to 49,2899
91963,2011,Male,40 to 49,75
92145,2011,Male,40 to 49,4
91977,2011,Male,40 to 49,4027
92105,2011,Male,40 to 49,4750
91911,2011,Male,40 to 49,5592
92096,2011,Male,40 to 49,2
92136,2011,Male,40 to 49,358
92086,2011,Male,40 to 49,62
92004,2011,Male,40 to 49,213
92117,2011,Male,40 to 49,3716
91901,2011,Male,40 to 49,1203
92101,2011,Male,40 to 49,3596
92057,2011,Male,40 to 49,3857
92083,2011,Male,40 to 49,2524
91915,2011,Male,40 to 49,2163
91931,2011,Male,40 to 49,24
92110,2011,Male,40 to 49,1619
91910,2011,Male,40 to 49,5232
91978,2011,Male,40 to 49,507
92135,2011,Male,40 to 49,204
92059,2011,Male,40 to 49,109
92130,2011,Male,40 to 49,4999
92118,2011,Male,40 to 49,1165
92119,2011,Male,40 to 49,1601
92029,2011,Male,40 to 49,1178
92064,2011,Male,40 to 49,3589
92114,2011,Male,40 to 49,4027
91948,2011,Male,40 to 49,30
92026,2011,Male,40 to 49,3502
92067,2011,Male,40 to 49,641
92154,2011,Male,40 to 49,6525
92054,2011,Male,40 to 49,2789
92008,2011,Male,40 to 49,1886
91935,2011,Male,40 to 49,663
91945,2011,Male,40 to 49,1748
92027,2011,Male,40 to 49,3893
92003,2011,Male,40 to 49,293
92055,2011,Male,40 to 49,321
92037,2011,Male,40 to 49,2337
92116,2011,Male,40 to 49,2827
92259,2011,Male,40 to 49,0
92103,2011,Male,40 to 49,3018
92173,2011,Male,40 to 49,1795
91916,2011,Male,40 to 49,165
92127,2011,Male,40 to 49,3414
91980,2011,Male,40 to 49,10
92070,2011,Male,40 to 49,34
92024,2011,Male,40 to 49,3906
91917,2011,Male,40 to 49,54
92020,2011,Male,40 to 49,3896
92129,2011,Male,40 to 49,4157
91906,2011,Male,40 to 49,266
92040,2011,Male,40 to 49,2925
92009,2011,Male,40 to 49,3496
92102,2011,Male,40 to 49,3070
91917,2011,Male,50 to 59,94
92182,2011,Male,50 to 59,0
91910,2011,Male,50 to 59,4658
91911,2011,Male,50 to 59,4495
92105,2011,Male,50 to 59,3337
92101,2011,Male,50 to 59,2897
92093,2011,Male,50 to 59,13
92119,2011,Male,50 to 59,1593
92083,2011,Male,50 to 59,2034
92009,2011,Male,50 to 59,3019
92113,2011,Male,50 to 59,2422
92259,2011,Male,50 to 59,0
91935,2011,Male,50 to 59,844
92056,2011,Male,50 to 59,3267
92081,2011,Male,50 to 59,1718
92071,2011,Male,50 to 59,3840
92040,2011,Male,50 to 59,3156
92120,2011,Male,50 to 59,1788
92091,2011,Male,50 to 59,153
92110,2011,Male,50 to 59,1650
91980,2011,Male,50 to 59,8
92135,2011,Male,50 to 59,39
92102,2011,Male,50 to 59,2105
92069,2011,Male,50 to 59,2610
92067,2011,Male,50 to 59,778
92118,2011,Male,50 to 59,1106
92096,2011,Male,50 to 59,2
91915,2011,Male,50 to 59,1221
92004,2011,Male,50 to 59,285
91906,2011,Male,50 to 59,285
92064,2011,Male,50 to 59,4042
91914,2011,Male,50 to 59,939
92011,2011,Male,50 to 59,1654
91945,2011,Male,50 to 59,1760
92131,2011,Male,50 to 59,2617
92036,2011,Male,50 to 59,347
91977,2011,Male,50 to 59,3765
92060,2011,Male,50 to 59,63
92126,2011,Male,50 to 59,4357
92104,2011,Male,50 to 59,2784
92161,2011,Male,50 to 59,0
92021,2011,Male,50 to 59,4539
92154,2011,Male,50 to 59,4792
92155,2011,Male,50 to 59,3
92054,2011,Male,50 to 59,2527
92059,2011,Male,50 to 59,113
91932,2011,Male,50 to 59,1546
92103,2011,Male,50 to 59,2327
92173,2011,Male,50 to 59,1365
92127,2011,Male,50 to 59,2536
92672,2011,Male,50 to 59,18
92020,2011,Male,50 to 59,3716
92078,2011,Male,50 to 59,2129
92027,2011,Male,50 to 59,3260
92114,2011,Male,50 to 59,4272
92115,2011,Male,50 to 59,2913
92061,2011,Male,50 to 59,194
91931,2011,Male,50 to 59,42
92037,2011,Male,50 to 59,2507
91902,2011,Male,50 to 59,1221
92145,2011,Male,50 to 59,1
92106,2011,Male,50 to 59,1370
91916,2011,Male,50 to 59,195
92065,2011,Male,50 to 59,3053
92128,2011,Male,50 to 59,3003
92082,2011,Male,50 to 59,1400
92003,2011,Male,50 to 59,318
92121,2011,Male,50 to 59,245
91978,2011,Male,50 to 59,536
91962,2011,Male,50 to 59,165
91942,2011,Male,50 to 59,2386
92029,2011,Male,50 to 59,1494
92075,2011,Male,50 to 59,864
92066,2011,Male,50 to 59,29
91963,2011,Male,50 to 59,74
92108,2011,Male,50 to 59,953
92536,2011,Male,50 to 59,38
91905,2011,Male,50 to 59,172
92124,2011,Male,50 to 59,1381
91948,2011,Male,50 to 59,53
92024,2011,Male,50 to 59,4202
91913,2011,Male,50 to 59,2199
92058,2011,Male,50 to 59,1332
92070,2011,Male,50 to 59,71
92028,2011,Male,50 to 59,3263
92136,2011,Male,50 to 59,39
91901,2011,Male,50 to 59,1430
92055,2011,Male,50 to 59,92
92122,2011,Male,50 to 59,1840
92019,2011,Male,50 to 59,3223
92008,2011,Male,50 to 59,1984
92111,2011,Male,50 to 59,2746
92107,2011,Male,50 to 59,1838
91950,2011,Male,50 to 59,3089
92109,2011,Male,50 to 59,2151
92140,2011,Male,50 to 59,0
92010,2011,Male,50 to 59,1091
92130,2011,Male,50 to 59,3826
92139,2011,Male,50 to 59,1979
92084,2011,Male,50 to 59,3016
92134,2011,Male,50 to 59,1
92026,2011,Male,50 to 59,3325
92117,2011,Male,50 to 59,3532
91941,2011,Male,50 to 59,2365
91934,2011,Male,50 to 59,83
92007,2011,Male,50 to 59,841
92014,2011,Male,50 to 59,1155
92129,2011,Male,50 to 59,4147
92057,2011,Male,50 to 59,3188
92116,2011,Male,50 to 59,2226
92086,2011,Male,50 to 59,99
92025,2011,Male,50 to 59,2856
92123,2011,Male,50 to 59,1427
92025,2011,Male,60 to 69,1640
92118,2011,Male,60 to 69,960
92026,2011,Male,60 to 69,2243
91931,2011,Male,60 to 69,40
91917,2011,Male,60 to 69,53
91948,2011,Male,60 to 69,31
91945,2011,Male,60 to 69,936
92065,2011,Male,60 to 69,1900
92008,2011,Male,60 to 69,1363
92108,2011,Male,60 to 69,542
92119,2011,Male,60 to 69,1156
92129,2011,Male,60 to 69,2140
91901,2011,Male,60 to 69,994
92259,2011,Male,60 to 69,0
92130,2011,Male,60 to 69,1648
92093,2011,Male,60 to 69,14
92024,2011,Male,60 to 69,2817
92091,2011,Male,60 to 69,125
92122,2011,Male,60 to 69,1452
92019,2011,Male,60 to 69,2156
92058,2011,Male,60 to 69,764
92103,2011,Male,60 to 69,1619
92040,2011,Male,60 to 69,1895
92155,2011,Male,60 to 69,1
92124,2011,Male,60 to 69,1157
92036,2011,Male,60 to 69,346
91911,2011,Male,60 to 69,2599
92106,2011,Male,60 to 69,1103
92059,2011,Male,60 to 69,56
91916,2011,Male,60 to 69,151
92069,2011,Male,60 to 69,1488
92115,2011,Male,60 to 69,1711
91914,2011,Male,60 to 69,492
92078,2011,Male,60 to 69,1590
92101,2011,Male,60 to 69,1805
91902,2011,Male,60 to 69,879
92057,2011,Male,60 to 69,1934
92096,2011,Male,60 to 69,0
92071,2011,Male,60 to 69,2282
92003,2011,Male,60 to 69,250
92070,2011,Male,60 to 69,72
91962,2011,Male,60 to 69,117
92084,2011,Male,60 to 69,1875
92121,2011,Male,60 to 69,114
92081,2011,Male,60 to 69,1052
91935,2011,Male,60 to 69,610
91950,2011,Male,60 to 69,1732
92056,2011,Male,60 to 69,2170
92009,2011,Male,60 to 69,1896
92131,2011,Male,60 to 69,1556
92182,2011,Male,60 to 69,0
92154,2011,Male,60 to 69,2715
92020,2011,Male,60 to 69,2352
92135,2011,Male,60 to 69,10
91932,2011,Male,60 to 69,905
92007,2011,Male,60 to 69,558
92126,2011,Male,60 to 69,2893
92054,2011,Male,60 to 69,1475
92161,2011,Male,60 to 69,0
92140,2011,Male,60 to 69,1
92037,2011,Male,60 to 69,2159
92075,2011,Male,60 to 69,731
92021,2011,Male,60 to 69,2735
92114,2011,Male,60 to 69,2530
92139,2011,Male,60 to 69,1244
92066,2011,Male,60 to 69,34
92104,2011,Male,60 to 69,1599
91941,2011,Male,60 to 69,1601
92067,2011,Male,60 to 69,741
92111,2011,Male,60 to 69,1703
91977,2011,Male,60 to 69,2276
92128,2011,Male,60 to 69,2292
92123,2011,Male,60 to 69,732
92105,2011,Male,60 to 69,1825
91963,2011,Male,60 to 69,57
91906,2011,Male,60 to 69,214
92145,2011,Male,60 to 69,0
92113,2011,Male,60 to 69,1225
92028,2011,Male,60 to 69,2629
92672,2011,Male,60 to 69,10
91980,2011,Male,60 to 69,8
92173,2011,Male,60 to 69,796
92061,2011,Male,60 to 69,140
92127,2011,Male,60 to 69,1275
92027,2011,Male,60 to 69,1921
92116,2011,Male,60 to 69,1258
92136,2011,Male,60 to 69,2
91915,2011,Male,60 to 69,573
92055,2011,Male,60 to 69,32
92010,2011,Male,60 to 69,654
91913,2011,Male,60 to 69,1058
92110,2011,Male,60 to 69,1159
92134,2011,Male,60 to 69,0
91910,2011,Male,60 to 69,2843
92029,2011,Male,60 to 69,1109
92086,2011,Male,60 to 69,109
92120,2011,Male,60 to 69,1315
91934,2011,Male,60 to 69,62
91905,2011,Male,60 to 69,121
91942,2011,Male,60 to 69,1365
92083,2011,Male,60 to 69,999
92102,2011,Male,60 to 69,1138
92117,2011,Male,60 to 69,2024
92060,2011,Male,60 to 69,66
92064,2011,Male,60 to 69,2481
92014,2011,Male,60 to 69,1127
92082,2011,Male,60 to 69,1029
92011,2011,Male,60 to 69,1125
92109,2011,Male,60 to 69,1640
92536,2011,Male,60 to 69,31
92107,2011,Male,60 to 69,1197
91978,2011,Male,60 to 69,362
92004,2011,Male,60 to 69,403
91915,2011,Male,70 to 79,194
92078,2011,Male,70 to 79,1042
92009,2011,Male,70 to 79,795
92128,2011,Male,70 to 79,1378
92135,2011,Male,70 to 79,0
92020,2011,Male,70 to 79,1261
91913,2011,Male,70 to 79,504
92081,2011,Male,70 to 79,557
92014,2011,Male,70 to 79,580
92069,2011,Male,70 to 79,723
92103,2011,Male,70 to 79,855
92061,2011,Male,70 to 79,72
92027,2011,Male,70 to 79,934
91980,2011,Male,70 to 79,6
92025,2011,Male,70 to 79,777
92110,2011,Male,70 to 79,536
91977,2011,Male,70 to 79,1183
92007,2011,Male,70 to 79,202
92091,2011,Male,70 to 79,47
92064,2011,Male,70 to 79,1029
92059,2011,Male,70 to 79,41
92117,2011,Male,70 to 79,1317
92154,2011,Male,70 to 79,1536
91962,2011,Male,70 to 79,53
92036,2011,Male,70 to 79,200
91917,2011,Male,70 to 79,16
92131,2011,Male,70 to 79,579
92037,2011,Male,70 to 79,1447
92071,2011,Male,70 to 79,1031
91978,2011,Male,70 to 79,145
92066,2011,Male,70 to 79,20
91906,2011,Male,70 to 79,130
92084,2011,Male,70 to 79,1004
91941,2011,Male,70 to 79,860
92026,2011,Male,70 to 79,1210
91935,2011,Male,70 to 79,264
92101,2011,Male,70 to 79,967
92010,2011,Male,70 to 79,323
91931,2011,Male,70 to 79,12
92108,2011,Male,70 to 79,244
92096,2011,Male,70 to 79,0
92155,2011,Male,70 to 79,1
92054,2011,Male,70 to 79,739
91905,2011,Male,70 to 79,62
92145,2011,Male,70 to 79,0
91950,2011,Male,70 to 79,1094
92127,2011,Male,70 to 79,546
92011,2011,Male,70 to 79,654
92004,2011,Male,70 to 79,309
92119,2011,Male,70 to 79,812
92065,2011,Male,70 to 79,753
92058,2011,Male,70 to 79,450
92129,2011,Male,70 to 79,819
92182,2011,Male,70 to 79,0
91916,2011,Male,70 to 79,51
92055,2011,Male,70 to 79,13
92124,2011,Male,70 to 79,485
92083,2011,Male,70 to 79,503
92075,2011,Male,70 to 79,434
92086,2011,Male,70 to 79,68
91910,2011,Male,70 to 79,1634
92672,2011,Male,70 to 79,3
92008,2011,Male,70 to 79,687
92019,2011,Male,70 to 79,1006
92060,2011,Male,70 to 79,33
92102,2011,Male,70 to 79,542
92021,2011,Male,70 to 79,1355
92111,2011,Male,70 to 79,1034
91932,2011,Male,70 to 79,454
91911,2011,Male,70 to 79,1761
92003,2011,Male,70 to 79,183
92040,2011,Male,70 to 79,913
92120,2011,Male,70 to 79,920
92093,2011,Male,70 to 79,12
92134,2011,Male,70 to 79,0
92106,2011,Male,70 to 79,587
92115,2011,Male,70 to 79,880
91963,2011,Male,70 to 79,25
92057,2011,Male,70 to 79,1231
92104,2011,Male,70 to 79,635
91945,2011,Male,70 to 79,440
92123,2011,Male,70 to 79,505
91934,2011,Male,70 to 79,39
91942,2011,Male,70 to 79,718
92116,2011,Male,70 to 79,421
92029,2011,Male,70 to 79,584
92028,2011,Male,70 to 79,1565
91901,2011,Male,70 to 79,462
92114,2011,Male,70 to 79,1382
92140,2011,Male,70 to 79,0
92105,2011,Male,70 to 79,976
92136,2011,Male,70 to 79,0
92259,2011,Male,70 to 79,0
92024,2011,Male,70 to 79,1161
92082,2011,Male,70 to 79,520
91902,2011,Male,70 to 79,535
92070,2011,Male,70 to 79,31
92173,2011,Male,70 to 79,451
92139,2011,Male,70 to 79,674
92118,2011,Male,70 to 79,610
92121,2011,Male,70 to 79,60
92126,2011,Male,70 to 79,1210
92113,2011,Male,70 to 79,579
92067,2011,Male,70 to 79,318
92130,2011,Male,70 to 79,591
92107,2011,Male,70 to 79,454
92536,2011,Male,70 to 79,14
91948,2011,Male,70 to 79,20
91914,2011,Male,70 to 79,242
92109,2011,Male,70 to 79,786
92122,2011,Male,70 to 79,941
92161,2011,Male,70 to 79,0
92056,2011,Male,70 to 79,1386
91978,2011,Male,80+,102
91906,2011,Male,80+,51
92121,2011,Male,80+,23
92110,2011,Male,80+,497
92024,2011,Male,80+,1032
92672,2011,Male,80+,1
92129,2011,Male,80+,315
92122,2011,Male,80+,759
92026,2011,Male,80+,906
91962,2011,Male,80+,19
92109,2011,Male,80+,585
92127,2011,Male,80+,433
92004,2011,Male,80+,169
91914,2011,Male,80+,102
91915,2011,Male,80+,87
92111,2011,Male,80+,662
91905,2011,Male,80+,22
92027,2011,Male,80+,572
92102,2011,Male,80+,329
92070,2011,Male,80+,10
92029,2011,Male,80+,284
92536,2011,Male,80+,10
92114,2011,Male,80+,591
91977,2011,Male,80+,684
92020,2011,Male,80+,877
92054,2011,Male,80+,454
91941,2011,Male,80+,614
92037,2011,Male,80+,1291
92014,2011,Male,80+,299
92115,2011,Male,80+,660
92123,2011,Male,80+,362
92028,2011,Male,80+,903
91916,2011,Male,80+,25
92078,2011,Male,80+,963
92081,2011,Male,80+,460
92136,2011,Male,80+,0
91950,2011,Male,80+,765
92007,2011,Male,80+,144
92036,2011,Male,80+,76
92066,2011,Male,80+,10
92084,2011,Male,80+,700
91980,2011,Male,80+,4
92021,2011,Male,80+,736
91945,2011,Male,80+,354
92086,2011,Male,80+,22
92105,2011,Male,80+,515
92135,2011,Male,80+,0
92154,2011,Male,80+,766
92113,2011,Male,80+,326
92003,2011,Male,80+,125
92131,2011,Male,80+,218
91932,2011,Male,80+,275
92060,2011,Male,80+,13
92010,2011,Male,80+,254
92082,2011,Male,80+,314
92130,2011,Male,80+,291
92259,2011,Male,80+,0
91917,2011,Male,80+,8
92108,2011,Male,80+,250
92057,2011,Male,80+,861
92059,2011,Male,80+,13
92056,2011,Male,80+,1276
91931,2011,Male,80+,2
92155,2011,Male,80+,0
91963,2011,Male,80+,17
92065,2011,Male,80+,405
92106,2011,Male,80+,449
92058,2011,Male,80+,299
92067,2011,Male,80+,204
92126,2011,Male,80+,502
92120,2011,Male,80+,777
92103,2011,Male,80+,558
92124,2011,Male,80+,247
92096,2011,Male,80+,0
92117,2011,Male,80+,991
92075,2011,Male,80+,249
92011,2011,Male,80+,411
92061,2011,Male,80+,30
92069,2011,Male,80+,431
92101,2011,Male,80+,517
91901,2011,Male,80+,231
92071,2011,Male,80+,596
91913,2011,Male,80+,218
92140,2011,Male,80+,0
92025,2011,Male,80+,626
91935,2011,Male,80+,105
92091,2011,Male,80+,26
92119,2011,Male,80+,606
92064,2011,Male,80+,655
92083,2011,Male,80+,281
92040,2011,Male,80+,499
92134,2011,Male,80+,0
92107,2011,Male,80+,359
92173,2011,Male,80+,272
92104,2011,Male,80+,359
92182,2011,Male,80+,0
92145,2011,Male,80+,3
91911,2011,Male,80+,1134
92093,2011,Male,80+,8
92116,2011,Male,80+,240
91902,2011,Male,80+,302
92161,2011,Male,80+,0
92008,2011,Male,80+,577
92128,2011,Male,80+,1343
91948,2011,Male,80+,10
92019,2011,Male,80+,610
92118,2011,Male,80+,507
92055,2011,Male,80+,6
92009,2011,Male,80+,425
92139,2011,Male,80+,376
91942,2011,Male,80+,732
91910,2011,Male,80+,1156
91934,2011,Male,80+,11
92040,2011,Male,Under 10,2811
92154,2011,Male,Under 10,5402
92004,2011,Male,Under 10,244
92108,2011,Male,Under 10,770
92060,2011,Male,Under 10,33
91906,2011,Male,Under 10,250
91915,2011,Male,Under 10,2149
92008,2011,Male,Under 10,1351
92130,2011,Male,Under 10,3819
91911,2011,Male,Under 10,6035
92173,2011,Male,Under 10,2341
92128,2011,Male,Under 10,2763
92064,2011,Male,Under 10,2787
91941,2011,Male,Under 10,1975
91942,2011,Male,Under 10,2172
92036,2011,Male,Under 10,171
91948,2011,Male,Under 10,25
92131,2011,Male,Under 10,2553
92078,2011,Male,Under 10,3220
92037,2011,Male,Under 10,1857
92104,2011,Male,Under 10,2538
92106,2011,Male,Under 10,1133
92182,2011,Male,Under 10,0
92122,2011,Male,Under 10,1845
92115,2011,Male,Under 10,3778
91980,2011,Male,Under 10,14
92069,2011,Male,Under 10,3638
92091,2011,Male,Under 10,115
91978,2011,Male,Under 10,529
92096,2011,Male,Under 10,0
92129,2011,Male,Under 10,3434
92065,2011,Male,Under 10,2259
91905,2011,Male,Under 10,116
92070,2011,Male,Under 10,24
91902,2011,Male,Under 10,998
92020,2011,Male,Under 10,4106
92117,2011,Male,Under 10,2765
92118,2011,Male,Under 10,926
92007,2011,Male,Under 10,551
92029,2011,Male,Under 10,1090
92056,2011,Male,Under 10,3208
92067,2011,Male,Under 10,498
92136,2011,Male,Under 10,0
92116,2011,Male,Under 10,1632
92114,2011,Male,Under 10,4617
92121,2011,Male,Under 10,221
91932,2011,Male,Under 10,1897
92061,2011,Male,Under 10,185
91917,2011,Male,Under 10,38
92093,2011,Male,Under 10,2
92055,2011,Male,Under 10,3004
92058,2011,Male,Under 10,1728
92127,2011,Male,Under 10,3505
92025,2011,Male,Under 10,4031
92026,2011,Male,Under 10,3594
92139,2011,Male,Under 10,2616
92009,2011,Male,Under 10,2908
92135,2011,Male,Under 10,12
92119,2011,Male,Under 10,1165
91934,2011,Male,Under 10,46
91901,2011,Male,Under 10,965
92105,2011,Male,Under 10,6192
92124,2011,Male,Under 10,2722
92084,2011,Male,Under 10,3610
91963,2011,Male,Under 10,75
91910,2011,Male,Under 10,5131
92086,2011,Male,Under 10,47
92120,2011,Male,Under 10,1325
92107,2011,Male,Under 10,1126
92059,2011,Male,Under 10,136
92021,2011,Male,Under 10,4474
92134,2011,Male,Under 10,0
92027,2011,Male,Under 10,4188
92057,2011,Male,Under 10,3891
92014,2011,Male,Under 10,545
91935,2011,Male,Under 10,493
92024,2011,Male,Under 10,3063
91977,2011,Male,Under 10,4449
91914,2011,Male,Under 10,1295
92010,2011,Male,Under 10,845
92054,2011,Male,Under 10,2523
91962,2011,Male,Under 10,86
91950,2011,Male,Under 10,4168
92536,2011,Male,Under 10,13
92102,2011,Male,Under 10,3421
92011,2011,Male,Under 10,1420
92075,2011,Male,Under 10,588
92019,2011,Male,Under 10,2631
92672,2011,Male,Under 10,610
92028,2011,Male,Under 10,2919
92103,2011,Male,Under 10,1049
92259,2011,Male,Under 10,0
91945,2011,Male,Under 10,1748
92071,2011,Male,Under 10,3362
92111,2011,Male,Under 10,2976
92081,2011,Male,Under 10,1869
92066,2011,Male,Under 10,13
91916,2011,Male,Under 10,97
92110,2011,Male,Under 10,1369
91931,2011,Male,Under 10,24
92101,2011,Male,Under 10,901
92126,2011,Male,Under 10,4609
92082,2011,Male,Under 10,1101
92145,2011,Male,Under 10,0
91913,2011,Male,Under 10,3255
92113,2011,Male,Under 10,4710
92003,2011,Male,Under 10,216
92155,2011,Male,Under 10,2
92161,2011,Male,Under 10,0
92140,2011,Male,Under 10,0
92109,2011,Male,Under 10,1717
92083,2011,Male,Under 10,3246
92123,2011,Male,Under 10,1931
